Commit_ID,Commit_Developer,,Commit_Date,Day
b4a5a4c,Abdullrahman ElHayek,fix button poisition in the search bar,2019-06-20 13:05:08 +0300,
0b2d91d,Abdullrahman ElHayek,new landing-page image,2019-06-11 17:14:38 +0300,
77d0597,Abdullrahman ElHayek,centre the search bar in the main page,2019-06-11 17:13:38 +0300,
ff92b39,Abdullrahman ElHayek,adding a new landing page image ( for the search bar ),2019-06-11 15:51:14 +0300,
3d08100,Abdullrahman ElHayek,unify uploaded image for related topics,2019-06-11 15:21:51 +0300,
8e6112f,Abdullrahman ElHayek,Y starts at 0 for vertical,2019-06-11 12:15:47 +0300,
b2621ac,Abdullrahman ElHayek,fix search pagintation version 2 ..,2019-06-09 14:42:02 +0300,
b54b947,Abdullrahman ElHayek,fix search pagintation version 1 ..,2019-06-09 14:19:00 +0300,
4c0fd5d,Abdullrahman ElHayek,change search / sort action to be on chnage rather than on click,2019-06-09 13:01:08 +0300,
e4477d9,Morad Taleeb,Datasets wizard: autoho highlight required fields when they're being filled or empty,2019-06-01 14:48:24 +0300,
c4689e8,Morad Taleeb,Datasets wizard: fixed required fields labels,2019-06-01 13:59:18 +0300,
e11ad1a,Morad Taleeb,Merge branch 'master' of https://github.com/knafeh/indicators-new,2019-06-01 13:26:29 +0300,
42e7416,Morad Taleeb,Datasets and Files: Added reset to language filter,2019-06-01 13:26:18 +0300,
f41b2d8,Abdullrahman ElHayek,Testing search with less tolerance for phrases,2019-05-31 18:44:37 +0300,
3a5af90,Abdullrahman ElHayek,18 item per page,2019-05-31 18:16:43 +0300,
ade8327,Morad Taleeb,Styled ais pagination,2019-05-31 15:19:23 +0300,
1cc7dac,Morad Taleeb,Made search icon clickable,2019-05-31 14:33:21 +0300,
7bc2e27,Abdullrahman ElHayek,fix the file .. search v3,2019-05-30 12:21:30 +0300,
b5fd01d,Abdullrahman ElHayek,fix return key with multi-select,2019-05-30 11:35:47 +0300,
a1d2095,Abdullrahman ElHayek,x - y labeling,2019-05-30 11:15:17 +0300,
cd31003,Abdullrahman ElHayek,fix v4 of file navigation,2019-05-30 11:07:20 +0300,
276965d,Abdullrahman ElHayek,fix v3 of file navigation,2019-05-30 10:39:16 +0300,
875522,Abdullrahman ElHayek,fix v2 for file and enter problem,2019-05-30 10:18:15 +0300,
7332899,Abdullrahman ElHayek,fix file upload problem ( anchor to button ),2019-05-30 10:05:45 +0300,
df7cc0f,Abdullrahman ElHayek,fix visulize for : It doesnï¿½ï¿½ï¿½t recognize the value column as a numeric variable File I,2019-05-29 19:23:31 +0300,
1a2eeab,Abdullrahman ElHayek,fix search for : Number of Schools in Palestine by Region and Academic Year Percentage of Individuals 15 Years + with Bachelor's Degree and above by Country problem is that apostrophe s,2019-05-29 18:55:32 +0300,
0a94f2c,Abdullrahman ElHayek,fix add new file modal dismissal by pressing enter,2019-05-29 18:16:18 +0300,
03e0bb3,Abdullrahman ElHayek,fix file delete from the main grid after search,2019-05-29 17:55:46 +0300,
d16ff04,Abdullrahman ElHayek,only datasets at production will show in algolia,2019-05-29 17:28:04 +0300,
970b155,Abdullrahman ElHayek,update remaining datasets,2019-05-29 17:22:24 +0300,
c86b536,Abdullrahman ElHayek,update all datasets information,2019-05-29 17:06:26 +0300,
1691f89,Abdullrahman ElHayek,add audit information for algolia backend,2019-05-29 16:06:57 +0300,
2eeb69b,Abdullrahman ElHayek,Only one dot after a sentence,2019-05-28 15:42:31 +0300,
0bb82fd,Abdullrahman ElHayek,fixed request and suggestion form + contact_us message,2019-05-28 15:40:40 +0300,
453bd5c,Abdullrahman ElHayek,add ais-pagination to algolia search : needs styling from morad,2019-05-28 12:35:38 +0300,
2ba7a4e,Karam Hijazi,Merge pull request #28 from knafeh/bug-fixes,5/27/2019 10:13,
72177ec,Karam Hijazi,Merge branch 'master' of https://github.com/knafeh/indicators-new into bug-fixes,5/27/2019 10:12,
8e84d47,Karam Hijazi,fix the styling with only upload button,5/27/2019 10:11,
e9f2e97,Abdullrahman ElHayek,fix order sort naming as Lour wants,2019-05-27 15:26:07 +0300,
35d8eab,abdullrahman yusuf elhayek,Merge pull request #27 from knafeh/bug-fixes,2019-05-27 15:17:29 +0300,
6fef99c,Morad Taleeb,Sort and Order by text,2019-05-25 15:23:02 +0300,
85907a9,Karam Hijazi,fixing bugs,5/25/2019 2:26,
26b580c,Abdullrahman ElHayek,fix footer messages,2019-05-23 13:38:35 +0300,
d789de9,Abdullrahman ElHayek,change reply message,2019-05-23 13:33:41 +0300,
81d57c2,Abdullrahman ElHayek,add search by ID,2019-05-23 13:21:59 +0300,
ca97ce3,Abdullrahman ElHayek,restore it to normal test dfsdf problem,2019-05-23 11:34:02 +0300,
5ce1121,Abdullrahman ElHayek,debug test dfsdf problem,2019-05-23 11:22:15 +0300,
26e34d1,Abdullrahman ElHayek,remove year scaling for plotly,2019-05-22 15:07:10 +0300,
db5ac88,Abdullrahman ElHayek,fix year scaling for plolty.,2019-05-22 14:50:12 +0300,
e04b557,Abdullrahman ElHayek,fix year scaling for highchart line chart,2019-05-22 13:15:45 +0300,
6b2d8cf,Abdullrahman ElHayek,fix year scaling for chartjs line chart,2019-05-22 13:03:38 +0300,
f9855df,abdullrahman yusuf elhayek,Merge pull request #26 from knafeh/bug-fixes,2019-05-22 10:47:30 +0300,
5d06065,Karam Hijazi,added error handling when creating a user,5/21/2019 23:49,
b9b1e61,Karam Hijazi,merged code,5/21/2019 23:29,
7ba1759,Karam Hijazi,fixed bugs and added validation,5/21/2019 23:28,
739d3fc,Morad Taleeb,Datasets: fixed form tabs validation,2019-05-22 00:56:26 +0300,
616d8dc,Karam Hijazi,Merge pull request #25 from knafeh/bug-fixes,5/20/2019 9:43,
b500126,Karam Hijazi,merged code,5/20/2019 9:42,
2679687,Karam Hijazi,making tabs cusor pointer,5/20/2019 9:42,
2d7fe08,Abdullrahman ElHayek,fix plotly map,2019-05-20 15:38:18 +0300,
1096c9d,Karam Hijazi,Merge pull request #24 from knafeh/bug-fixes,5/20/2019 8:00,
a90012c,Abdullrahman ElHayek,fix year ordering,2019-05-20 15:00:22 +0300,
34c4ec8,Karam Hijazi,fixing the gov navigation,5/20/2019 8:00,
0c05c03,Abdullrahman ElHayek,fix language,2019-05-20 14:00:09 +0300,
5ae8fc3,Abdullrahman ElHayek,fix plotly map,2019-05-20 12:10:57 +0300,
fd60d5f,abdullrahman yusuf elhayek,Merge pull request #23 from knafeh/bug-fixes,2019-05-20 12:07:22 +0300,
00b10c2,Karam Hijazi,merged code,5/19/2019 17:45,
61a93ef,Karam Hijazi,fixing all bugs,5/19/2019 17:43,
25be0f1,Morad Taleeb,Request form: setting required fields for response type,2019-05-19 21:41:33 +0300,
5cc24fe,Abdullrahman ElHayek,fix the footer,2019-05-19 11:52:59 +0300,
a2e3e20,Abdullrahman ElHayek,fix plotly map height,2019-05-19 11:36:05 +0300,
9bbbdba,Abdullrahman ElHayek,fix save dataset,2019-05-19 11:26:42 +0300,
166f805,Karam Hijazi,added generalsettings into common ar english,5/18/2019 19:41,
969359f,Morad Taleeb,contact form: signature date and time to be set with current values,2019-05-18 16:48:38 +0300,
660fd72,Morad Taleeb,Fixed showing charts,2019-05-18 16:08:38 +0300,
d6832b9,Morad Taleeb,fixed multiselect styling,2019-05-18 14:47:44 +0300,
f540620,Morad Taleeb,updated multiselect package,2019-05-18 14:33:40 +0300,
15a8c87,Morad Taleeb,Files: showing full title,2019-05-18 12:14:38 +0300,
4663256,Morad Taleeb,Datasets: showing the full title,2019-05-18 11:53:10 +0300,
6e3eb3b,Abdullrahman ElHayek,add default values for pointstyle and radius (line chart),2019-05-16 11:56:30 +0300,
12d9fad,Abdullrahman ElHayek,fix the app js with run production,2019-05-16 11:33:17 +0300,
e3f17b6,Morad Taleeb,changed order text to sort,2019-05-15 17:51:08 +0300,
024c06f,Morad Taleeb,datasets wizard: colored prev button same as next color,2019-05-15 17:47:35 +0300,
a4ba0b5,Morad Taleeb,datasets wizard: added previous button to the tabs,2019-05-15 17:38:18 +0300,
b486106,Morad Taleeb,datasets wizard: not to auto switch to library tab after choosing a file,2019-05-15 17:29:10 +0300,
8807ebe,Morad Taleeb,removed quick links menu,2019-05-15 17:16:22 +0300,
d98ad85,Abdullrahman ElHayek,fix the language handler v2,2019-05-15 14:34:50 +0300,
ebae967,Abdullrahman ElHayek,fix the language handler,2019-05-15 14:15:49 +0300,
b8a0325,Abdullrahman ElHayek,fix appjs for plotly,2019-05-15 13:32:59 +0300,
acc811d,Abdullrahman ElHayek,modify plotly readme v2,2019-05-15 13:11:53 +0300,
040c26d,Abdullrahman ElHayek,modify plotly readme,2019-05-15 13:09:43 +0300,
949f855,abdullrahman yusuf elhayek,Merge pull request #22 from knafeh/bug-fixes,2019-05-15 13:06:42 +0300,
31e0dd2,Karam Hijazi,merged code with master,5/14/2019 21:20,
c4a8519,Karam Hijazi,Merge branch 'master' of https://github.com/knafeh/indicators-new into bug-fixes,5/14/2019 21:19,
0c4a05a,Karam Hijazi,fixed bug to edit governorate,5/14/2019 21:19,
b65b7b8,Abdullrahman ElHayek,span gap empty values for highchart,2019-05-14 15:57:02 +0300,
b46c4fa,Abdullrahman ElHayek,span gap empty values for chartjs,2019-05-14 15:17:51 +0300,
d09d429,Abdullrahman ElHayek,modify map v3 readme,2019-05-14 13:49:34 +0300,
2f83f16,Abdullrahman ElHayek,modify map v3,2019-05-14 13:37:24 +0300,
2bb2288,Abdullrahman ElHayek,modify map v2,2019-05-14 13:34:52 +0300,
5ee4ee1,Abdullrahman ElHayek,modify map,2019-05-14 12:56:43 +0300,
5e31f9b,Abdullrahman ElHayek,fix arabic map for plotly,2019-05-14 12:47:58 +0300,
a7067df,abdullrahman yusuf elhayek,Merge pull request #21 from knafeh/bug-fixes,2019-05-13 16:35:56 +0300,
97476ae,Karam Hijazi,merged code with master,5/12/2019 21:14,
264deee,Karam Hijazi,returninh the picture in posts,5/12/2019 21:13,
8fba555,Abdullrahman ElHayek,make style selection from the database // add default access toke the map box options,2019-05-12 13:32:37 +0300,
0c879b5,Abdullrahman ElHayek,make style selection from the database // basic is the default add comment,2019-05-12 13:15:30 +0300,
430ae99,Abdullrahman ElHayek,make style selection from the database,2019-05-12 13:13:58 +0300,
f3ffa9e,Abdullrahman ElHayek,fix delete dataset v3,2019-05-12 11:25:11 +0300,
602d25a,abdullrahman yusuf elhayek,Merge pull request #20 from knafeh/bug-fixes,2019-05-12 04:54:51 +0300,
a06cf82,Karam Hijazi,removed the circle and hide the save btn if the user is deleted,5/11/2019 14:09,
f70290c,Morad Taleeb,delete datasets with order - in progress,2019-05-11 15:01:37 +0300,
54e1d6d,Abdullrahman ElHayek,fix default image path for the topics and library,2019-05-11 13:06:04 +0300,
2c23e01,Abdullrahman ElHayek,fix When users update a file then click on the back to browse,2019-05-11 12:15:52 +0300.,
fec0089,Abdullrahman ElHayek,show all title for topics like library,2019-05-11 11:49:03 +0300,
99d4a38,Abdullrahman ElHayek,Lour map v2 satellite,2019-05-10 23:05:13 +0300,
88fc70f,Abdullrahman ElHayek,Lour map v2,2019-05-10 21:14:11 +0300,
b0ad759,abdullrahman yusuf elhayek,Merge pull request #19 from knafeh/postsFixes,2019-05-10 19:14:42 +0300,
9bf5ec2,Karam Hijazi,merged code with master,5/9/2019 23:23,
1e75895,Karam Hijazi,fixing user issues,5/9/2019 23:21,
ebde35a,Abdullrahman ElHayek,Lour map,2019-05-09 21:58:45 +0300,
4ff653d,Abdullrahman ElHayek,fix confilicts v2,2019-05-09 21:01:48 +0300,
7b64233,Abdullrahman ElHayek,fix confilicts,2019-05-09 21:01:36 +0300,
bba35fb,Abdullrahman ElHayek,fix plotly style for map ..,2019-05-09 20:52:19 +0300,
0cf57e9,Morad Taleeb,Datasets: delete and keep ordering - in progress,2019-05-09 16:54:30 +0300,
703fa63,Morad Taleeb,show visual's full title + fixed visual's head style in Arabic,2019-05-09 16:21:07 +0300,
a49bf00,abdullrahman yusuf elhayek,Merge pull request #18 from knafeh/postsFixes,2019-05-09 11:59:31 +0300,
ca32764,Karam Hijazi,merged code,5/8/2019 19:31,
9699ac2,Karam Hijazi,fixed posts bugs,5/8/2019 19:30,
cdf35b4,Abdullrahman ElHayek,fix empty descritpion for library,2019-05-08 22:43:43 +0300,
e30492c,Abdullrahman ElHayek,fix default for library,2019-05-08 16:50:29 +0300,
6e73d49,Abdullrahman ElHayek,unserilzie the options,2019-05-08 16:21:50 +0300,
60f5dbd,Abdullrahman ElHayek,fix title update for files,2019-05-08 12:49:48 +0300,
c96c18f,Abdullrahman ElHayek,change ol to ul,2019-05-08 12:09:05 +0300,
f9cda99,Morad Taleeb,multiselect fixed arrow color,2019-05-07 17:47:38 +0300,
78d088a,Morad Taleeb,fixed multiselect input  and placeholder style,2019-05-07 17:37:51 +0300,
4120b19,Morad Taleeb,fixed treeselect placeholder style,2019-05-07 17:21:10 +0300,
0dc18ec,Abdullrahman ElHayek,add iframe to the default collection,2019-05-07 15:55:43 +0300,
5766b51,Abdullrahman ElHayek,bullet numbering the text v2,2019-05-07 15:50:36 +0300,
556f642,Abdullrahman ElHayek,bullet numbering the text,2019-05-07 15:40:48 +0300,
4ebe4de,Abdullrahman ElHayek,set default image for every charttype (library and topics index),2019-05-07 15:09:26 +0300,
3047409,Abdullrahman ElHayek,set default image for every charttype (dataset index),2019-05-07 15:03:51 +0300,
201665,Abdullrahman ElHayek,change text to lines,2019-05-07 14:29:40 +0300,
ed6ee56,Abdullrahman ElHayek,remove the search bar,2019-05-06 14:48:31 +0300,
7db2585,Abdullrahman ElHayek,fix vizabi error code,2019-05-06 14:44:21 +0300,
2f90f7d,Abdullrahman ElHayek,fix wrong iframe,2019-05-06 14:32:12 +0300,
b3e1c75,Abdullrahman ElHayek,fix file save bug,2019-05-06 12:46:02 +0300,
7102732,abdullrahman yusuf elhayek,Merge pull request #17 from knafeh/active/deletedUsers,2019-05-06 12:31:55 +0300,
5b4e0ff,Karam Hijazi,able to restore users,5/6/2019 5:28,
d2db42a,Karam Hijazi,Merge branch 'master' of https://github.com/knafeh/indicators-new into active/deletedUsers,5/6/2019 5:10,
d3b5d4c,Abdullrahman ElHayek,fix route,2019-05-06 12:09:07 +0300,
2963410,Abdullrahman ElHayek,change discription place for the library,2019-05-06 11:29:32 +0300,
835d746,Karam Hijazi,show deleted users,5/5/2019 23:39,
fe487fd,Karam Hijazi,Merge branch 'master' of https://github.com/knafeh/indicators-new into active/deletedUsers,5/5/2019 20:25,
d82735b,Karam Hijazi,added ui to check if user is active or deleted,5/5/2019 20:25,
a6cf447,Abdullrahman ElHayek,fix restore user call method,2019-05-05 18:42:01 +0300,
0c5100e,Abdullrahman ElHayek,add methods for deteletd user restoration v2,2019-05-05 17:08:57 +0300,
0ea9c51,Abdullrahman ElHayek,add methods for deteletd user restoration,2019-05-05 16:58:14 +0300,
49c2560,Abdullrahman ElHayek,add default img for each dataset if no one is chosen,2019-05-05 15:52:00 +0300,
0d5582a,abdullrahman yusuf elhayek,Merge pull request #16 from knafeh/bug-fixes,2019-05-05 09:21:16 +0300,
238cf06,Morad Taleeb,Auth: email used validation message/text changed,2019-05-04 23:15:15 +0300,
18d337a,Karam Hijazi,reverted button changes,5/4/2019 10:40,
64c9ad7,Karam Hijazi,Merge branch 'master' of https://github.com/knafeh/indicators-new into bug-fixes,5/4/2019 10:03,
e16b4f5,Karam Hijazi,fixed the buttons,5/4/2019 9:38,
87b8a35,Morad Taleeb,Datasets  wizard: iFrame validation,2019-05-04 12:21:36 +0300,
77afcac,Morad Taleeb,Dataset w wizard: topics validation,2019-05-04 11:16:03 +0300,
b2f672e,Karam Hijazi,merged code with master,5/4/2019 2:29,
7c04706,Karam Hijazi,did some fixes,5/4/2019 2:28,
303f527,Morad Taleeb,Dataets wizard validadation,2019-05-01 19:11:07 +0300,
22ab8df,Morad Taleeb,Select library type e automatically,2019-05-01 17:41:36 +0300,
bf8f878,Morad Taleeb,Merge branch 'master' of https://github.com/knafeh/indicators-new,2019-05-01 16:27:30 +0300,
eea83c5,Morad Taleeb,Datasets wizard validation on tabs navigation,2019-05-01 16:27:16 +0300,
9a4edb7,Karam Hijazi,Merge pull request #15 from knafeh/bug-fixes,5/1/2019 9:18,
621d75f,Karam Hijazi,switched roles to label,5/1/2019 9:17,
38904d5,Karam Hijazi,Merge pull request #14 from knafeh/bug-fixes,5/1/2019 9:14,
f3688da,Karam Hijazi,fixed session delet message,5/1/2019 9:12,
b93c0e1,abdullrahman yusuf elhayek,Merge pull request #13 from knafeh/bug-fixes,2019-05-01 16:10:55 +0300,
d16c2f6,Karam Hijazi,fixed adduser,5/1/2019 9:10,
9612dbd,Karam Hijazi,merged code,5/1/2019 9:08,
6a25c47,Karam Hijazi,added alerts,5/1/2019 9:07,
5aa8f63,Abdullrahman ElHayek,fix When the language is in Arabic and the user tries to include English topics,2019-05-01 14:59:25 +0300,
3bab1db,Abdullrahman ElHayek,fix tree direction text,2019-05-01 14:45:22 +0300,
5b39167,Abdullrahman ElHayek,If the user chooses plotly or vizabi,2019-05-01 14:11:01 +0300,
b92650b,Abdullrahman ElHayek,fix text losing chars problem v2,2019-05-01 13:43:38 +0300,
239c4bf,Abdullrahman ElHayek,fix text losing chars problem,2019-05-01 13:38:49 +0300,
bf722d2,Abdullrahman ElHayek,fix switch labels for inputs in chartjs as it happens in the visuals,2019-05-01 13:16:02 +0300,
2429c90,Abdullrahman ElHayek,fix bubble styling,2019-05-01 12:57:47 +0300,
9924eec,Abdullrahman ElHayek,fix map styling v2,2019-05-01 12:39:34 +0300,
a1d5df6,Abdullrahman ElHayek,fix map styling,2019-05-01 12:17:16 +0300,
dbc4d10,Abdullrahman ElHayek,Merge branch 'master' of https://github.com/knafeh/indicators-new,2019-05-01 11:43:22 +0300,
0e0e0c3,Abdullrahman ElHayek,fix zoom,2019-05-01 11:40:31 +0300,
7de4988,Morad Taleeb,datasets wizard: go to next tab only on next button click | validations to be done in another commit,2019-05-01 10:53:59 +0300,
da930fd,Abdullrahman ElHayek,test out for IE v2,2019-04-30 16:18:33 +0300,
1409c3f,Abdullrahman ElHayek,test out for IE,2019-04-30 12:21:37 +0300,
0de9303,Abdullrahman ElHayek,print out session id,2019-04-30 11:45:25 +0300,
40bc855,Morad Taleeb,Merge branch 'master' of https://github.com/knafeh/indicators-new,2019-04-29 13:07:51 +0300,
6de2cc4,Morad Taleeb,made library topic filter sticky on scrolling,2019-04-29 13:07:38 +0300,
81b37ba,Abdullrahman ElHayek,restore topics list,2019-04-28 11:37:49 +0300,
105f2e7,Abdullrahman ElHayek,make files epic statefull . optimized state,2019-04-28 11:10:52 +0300,
0dffdd3,Karam Hijazi,merged code,4/27/2019 19:02,
3b4d4e8,Karam Hijazi,added translations,4/27/2019 19:02,
6a368cb,Abdullrahman ElHayek,make files epic statefull . needs more testing,2019-04-27 17:02:46 +0300,
ff426ac,Abdullrahman ElHayek,secure call for JQUERY,2019-04-27 14:43:19 +0300,
c285f48,Abdullrahman ElHayek,default value for plotly_scale = 1,2019-04-27 14:18:59 +0300,
a13bdce,Morad Taleeb,Fixed library filters styling,2019-04-26 21:37:53 +0300,
84ce116,Morad Taleeb,Added topics filter to the top,2019-04-26 21:24:57 +0300,
a558a4d,Morad Taleeb,Added placeholders to multiselects on library options,2019-04-26 19:28:08 +0300,
9eafcb4,Morad Taleeb,fixed showing xlabel for charts in admin dhashboard,2019-04-26 18:32:47 +0300,
db90676,Morad Taleeb,Changed translation text,2019-04-26 15:22:41 +0300,
6982c33,Morad Taleeb,Applied Arabic font for auth and dashboard pages,2019-04-26 15:10:31 +0300,
f023a4c,Morad Taleeb,Applied arabic font for front-end pages,2019-04-26 15:03:20 +0300,
101194d,Morad Taleeb,pulled code,2019-04-26 15:00:37 +0300,
f09baff,Karam Hijazi,Merge branch 'master' of https://github.com/knafeh/indicators-new into bug-fixes,4/25/2019 21:30,
1a708e1,Karam Hijazi,added translations,4/25/2019 21:30,
fe52b1e,Abdullrahman ElHayek,add missing attributes to User model,2019-04-25 21:53:34 +0300,
cf2af73,Abdullrahman ElHayek,add validator to UserCOntroller,2019-04-25 21:39:21 +0300,
9bd435c,abdullrahman yusuf elhayek,Merge pull request #12 from knafeh/bug-fixes,2019-04-25 20:49:07 +0300,
b7c077b,Abdullrahman ElHayek,shorting the setence for file selected topic noResult,2019-04-25 15:18:45 +0300,
25f3e94,Abdullrahman ElHayek,fix name update vlidation,2019-04-25 15:15:17 +0300,
e3a000e,Abdullrahman ElHayek,remove the x button,2019-04-25 15:09:56 +0300,
e47f51f,Abdullrahman ElHayek,fix bug for unsetted file id v3,2019-04-25 14:29:12 +0300,
a08982e,Abdullrahman ElHayek,fix bug for unsetted file id v2,2019-04-25 14:01:39 +0300,
832876a,Abdullrahman ElHayek,fix bug for unsetted file id,2019-04-25 13:59:23 +0300,
bb46fd0,Abdullrahman ElHayek,fix getting periods directly from datasets related files,2019-04-25 13:39:28 +0300,
52b1032,Abdullrahman ElHayek,fix misspelling related_id => dataset,2019-04-25 12:00:50 +0300,
a84dbab,Abdullrahman ElHayek,fix label shifting between horiztoal and vertical bars,2019-04-25 11:57:05 +0300,
8ec095a,Karam Hijazi,removed logs,4/25/2019 0:16,
130d7cd,Karam Hijazi,removed logs,4/25/2019 0:15,
72ab006,Karam Hijazi,merged code with master,4/25/2019 0:13,
11fca85,Karam Hijazi,removed code,4/25/2019 0:12,
64e8813,Karam Hijazi,user can save profile,4/25/2019 0:12,
42c0ca6,Abdullrahman ElHayek,fix search bug in file collection to the else,2019-04-24 17:27:04 +0300,
514d380,Abdullrahman ElHayek,fix search bug in file and dataset,2019-04-24 17:20:34 +0300,
4fbe1a5,Abdullrahman ElHayek,fix styling of library as suggested by bashar,2019-04-24 13:41:24 +0300,
332bde2,Abdullrahman ElHayek,fix bug in homepage routing,2019-04-24 12:37:31 +0300,
6e760e2,Abdullrahman ElHayek,fix back arrow in library,2019-04-24 11:53:09 +0300,
32a9792,abdullrahman yusuf elhayek,Merge pull request #11 from knafeh/bug-fixes,2019-04-24 11:34:24 +0300,
27b3716,Karam Hijazi,delete user from edit screen,4/23/2019 20:57,
daac99a,Karam Hijazi,merged code with master,4/23/2019 20:34,
7bc181f,Karam Hijazi,fixed some small bugs,4/23/2019 20:31,
26eadee,Morad Taleeb,Changed all arabic body fonts to Arial,2019-04-23 23:52:38 +0300,
e7d15d9,Morad Taleeb,Upload new file button added to top in edit form,2019-04-23 23:41:46 +0300,
73bdce2,Abdullrahman ElHayek,fix sort v2 for both index library and index topics library,2019-04-23 22:32:23 +0300,
12fc7a4,Abdullrahman ElHayek,restore sort by algolia asc and desc for the library,2019-04-23 20:32:05 +0300,
6f6a2f0,Abdullrahman ElHayek,fix clear column name,2019-04-23 15:09:08 +0300,
34ebe10,Abdullrahman ElHayek,only chartjs and highchart should have export of png image,2019-04-23 13:46:33 +0300,
393a569,Abdullrahman ElHayek,fix add post/ edit post,2019-04-23 13:22:35 +0300,
dcc6c4f,Abdullrahman ElHayek,fix create file with mutiselect topic,2019-04-23 11:53:07 +0300,
e41a62e,Abdullrahman ElHayek,restore multi select to topics in files and datasets,2019-04-23 11:41:37 +0300,
350aaf8,Morad Taleeb,Merge branch 'master' of https://github.com/knafeh/indicators-new,2019-04-22 23:50:46 +0300,
099215f,Morad Taleeb,activate dashboard links even if in details pages,2019-04-22 23:50:21 +0300,
f3ae7cf,abdullrahman yusuf elhayek,Merge pull request #10 from knafeh/postSmallFixes,2019-04-22 23:43:23 +0300,
22cb2db,Morad Taleeb,Added upload file field to files edit form,2019-04-22 23:22:01 +0300,
f32c8da,Morad Taleeb,removed favorites menu link from dashboard header,2019-04-22 23:08:48 +0300,
527b9bc,Karam Hijazi,removed log and merged code with master,4/22/2019 15:33,
cf05c28,Karam Hijazi,fixed some bugs with the topis page,4/22/2019 15:32,
35f85ea,Abdullrahman ElHayek,points and their styles are limited to line charts,2019-04-22 16:25:11 +0300,
c4dd9d7,Abdullrahman ElHayek,translate and fix point_style and lengend position arabic and english,2019-04-22 16:19:07 +0300,
ee8ba04,Abdullrahman ElHayek,fix validator title names for Files v2,2019-04-22 15:46:04 +0300,
21e8bfc,Abdullrahman ElHayek,fix validator title names for Files,2019-04-22 15:40:16 +0300,
29718ab,Abdullrahman ElHayek,When the language is in Arabic and the user tries to include English topics,2019-04-22 15:20:46 +0300,
9210863,Abdullrahman ElHayek,fix dataset -> topics saving . fix dataset/library -> remove _ from names,2019-04-22 14:48:47 +0300,
ebb55ec,Morad Taleeb,fixed opening files form,2019-04-21 23:47:44 +0300,
57b2b2d,Morad Taleeb,Merge branch 'master' of https://github.com/knafeh/indicators-new,2019-04-21 23:26:55 +0300,
6531919,Morad Taleeb,translated validation messages,2019-04-21 23:18:18 +0300,
97fd7f6,Abdullrahman ElHayek,fix backend topic for one topic selection dataset,2019-04-21 17:50:25 +0300,
fe90a86,Abdullrahman ElHayek,fix backend topic for one topic selection,2019-04-21 17:42:20 +0300,
cfe55fc,Abdullrahman ElHayek,change mutiple topic to single topic in the files and datasets,2019-04-21 16:53:12 +0300,
6419369,Abdullrahman ElHayek,fix tab navigation when error arises,2019-04-21 16:48:04 +0300,
2a0a307,Abdullrahman ElHayek,error message danger success message sucess,2019-04-21 14:55:32 +0300,
4fa3f9e,Morad Taleeb,replaced taken with used in validations,2019-04-20 22:15:18 +0300,
0627cda,Morad Taleeb,Activate files link when you select a file,2019-04-20 21:36:09 +0300,
4114e6b,Morad Taleeb,Datasets: show 18 card per page instead of 20,2019-04-20 20:57:29 +0300,
9e05bb6,Morad Taleeb,Merge branch 'master' of https://github.com/knafeh/indicators-new,2019-04-20 20:45:35 +0300,
35d3368,Morad Taleeb,Library: card topics style like the files,2019-04-20 20:42:30 +0300,
4b05fac,Abdullrahman ElHayek,Merge branch 'master' of https://github.com/knafeh/indicators-new,2019-04-20 20:20:48 +0300,
36af866,Abdullrahman ElHayek,restore iframe among options,2019-04-20 20:19:45 +0300,
040b3f1,Morad Taleeb,Datasets form: fixed la language filter selection,2019-04-19 21:22:57 +0300,
2927036,Morad Taleeb,Dataset form: fixed info line style,2019-04-19 20:52:13 +0300,
cf399a2,Morad Taleeb,Datasets form: filter by topics placeholder,2019-04-18 23:18:16 +0300,
430cec9,Morad Taleeb,Datasets form: added and translated placeholders,2019-04-18 23:12:42 +0300,
552795f,Morad Taleeb,Datasets: some translations for form keywords,2019-04-18 19:08:22 +0300,
1dbfe39,Morad Taleeb,removed subtitle from plotly options,2019-04-18 18:29:37 +0300,
437cd24,Morad Taleeb,Datasets: merged info and general tabs in dataset form,2019-04-18 18:19:03 +0300,
1.59E+63,Abdullrahman ElHayek,show all topics for the library,2019-04-18 15:59:02 +0300,
902ccb1,Abdullrahman ElHayek,fix routing for library 2 fix main page route 2,2019-04-18 15:51:42 +0300,
2825272,Abdullrahman ElHayek,fix routing for library 2 fix main page route,2019-04-18 04:25:27 +0300,
e0686aa,Abdullrahman ElHayek,fix routing for library 2 comment alerts,2019-04-18 04:15:35 +0300,
8d1da2c,Abdullrahman ElHayek,fix routing for library 2,2019-04-18 04:11:58 +0300,
49ea03e,Abdullrahman ElHayek,Merge branch 'master' of https://github.com/knafeh/indicators-new,2019-04-18 03:46:37 +0300,
45833eb,Abdullrahman ElHayek,fix routing for library,2019-04-18 03:35:18 +0300,
18a0cc0,Morad Taleeb,Library: removed period from dataset cards,2019-04-17 23:59:13 +0300,
fabd2a5,Morad Taleeb,Merge branch 'master' of https://github.com/knafeh/indicators-new,2019-04-17 23:33:23 +0300,
e08a4e5,Morad Taleeb,Library: added title and description to dataset chart,2019-04-17 23:33:04 +0300,
fe8cfd6,Abdullrahman ElHayek,fix horiznat label value,2019-04-17 14:59:01 +0300,
8d4116e,Abdullrahman ElHayek,fix download for public user,2019-04-17 14:42:38 +0300,
4dc99be,Abdullrahman ElHayek,creating and testing mutual relation for datasets backend logic fix for new dataset 4,2019-04-17 01:29:13 +0300,
526ca46,Abdullrahman ElHayek,creating and testing mutual relation for datasets backend logic fix for new dataset 3,2019-04-17 01:08:03 +0300,
38689a2,Abdullrahman ElHayek,creating and testing mutual relation for datasets backend logic fix for new dataset 2,2019-04-17 00:37:44 +0300,
8636d22,Abdullrahman ElHayek,creating and testing mutual relation for datasets backend logic fix for new dataset,2019-04-17 00:28:31 +0300,
9f926f9,Abdullrahman ElHayek,creating and testing mutual relation for datasets backend logic,2019-04-17 00:14:10 +0300,
2120c01,Abdullrahman ElHayek,add related id for datasets backend logic and front end input,2019-04-16 23:57:36 +0300,
92e90ed,Abdullrahman ElHayek,remove zoom and subtitle from the dashboard,2019-04-16 21:01:57 +0300,
f95b528,Morad Taleeb,Library: added description to chart view,2019-04-16 19:38:23 +0300,
e1cc74c,Morad Taleeb,Library: added title to chart,2019-04-16 19:31:40 +0300,
0da1935,Morad Taleeb,export csv on chart page,2019-04-16 19:09:59 +0300,
36a3f5e,Morad Taleeb,added more export options,2019-04-16 18:50:47 +0300,
e9974a1,Abdullrahman ElHayek,fix captalized text for library/dataset/files,2019-04-16 12:23:55 +0300,
ee0f31e,Abdullrahman ElHayek,fix post of zero for karm to add new posts,2019-04-15 18:41:28 +0300,
d0c103c,Abdullrahman ElHayek,fix disappearing topics  in the files,2019-04-15 17:43:48 +0300,
6d13bb2,Abdullrahman ElHayek,backend logic for dataset to mirror dataset with different language phase 1,2019-04-15 17:27:18 +0300,
163617a,Karam Hijazi,you can see the image when editing a post,4/15/2019 9:22,
6b06e96,Abdullrahman ElHayek,fix user rest password from control panel,2019-04-15 15:47:17 +0300,
4e4323b,Abdullrahman ElHayek,send all public POSTs to /posts/0/edit so that all related_id return back as well,2019-04-15 13:23:21 +0300,
7916a75,Abdullrahman ElHayek,fix number 2 Edit POST does not show the selected related_it name in the list,2019-04-15 12:59:25 +0300,
dac34f2,abdullrahman yusuf elhayek,Merge pull request #9 from knafeh/topicsPage,2019-04-15 10:59:54 +0300,
f3cf8d7,Karam Hijazi,added related id,4/14/2019 21:01,
5d71c91,Morad Taleeb,style fixes for library cards,2019-04-14 23:21:59 +0300,
cce90d8,Morad Taleeb,Request form/page fixes,2019-04-14 22:55:34 +0300,
1eb4c51,Karam Hijazi,added stories into posts,4/14/2019 11:58,
c32eb90,Abdullrahman ElHayek,ChartJs and HighChart acceptance for year format '2007/2008',2019-04-14 15:34:44 +0300,
8078176,Abdullrahman ElHayek,fix decimals loading,2019-04-12 15:15:33 +0300,
a71ff85,Abdullrahman ElHayek,fix arabic names for datasets,2019-04-11 17:37:57 +0300,
7b6037d,Abdullrahman ElHayek,fix if topic has no match,2019-04-10 17:01:57 +0300,
40606c4,Abdullrahman ElHayek,fixing topics bug for index,2019-04-10 16:40:10 +0300,
039e396,Abdullrahman ElHayek,fixing topics route from the back and front ends,2019-04-10 16:32:44 +0300,
1e5d086,Abdullrahman ElHayek,fixing Laravel to library route,2019-04-10 15:38:33 +0300,
e39b0d0,Abdullrahman ElHayek,Home page making icons clickable,2019-04-10 15:25:24 +0300,
1fcf415,Abdullrahman ElHayek,change ylabel to value,2019-04-10 12:57:55 +0300,
caebffb,Abdullrahman ElHayek,modify read me,2019-04-09 18:12:23 +0300,
454d7b1,Abdullrahman ElHayek,fix clear years,2019-04-09 18:06:18 +0300,
d2d7b07,Abdullrahman ElHayek,fix chart type list,2019-04-09 15:02:50 +0300,
43b84fb,Abdullrahman ElHayek,Merge remote-tracking branch 'origin/master',2019-04-08 17:24:34 +0300,
1d49949,Abdullrahman ElHayek,show placeholder at ais-input,2019-04-08 17:23:22 +0300,
faf20f4,Morad Taleeb,Merge branch 'master' of https://github.com/knafeh/indicators-new,2019-04-08 16:59:12 +0300,
d0ea44b,Morad Taleeb,made space between library search and grid view,2019-04-08 16:54:39 +0300,
8f2165a,Abdullrahman ElHayek,fix year clear when change file,2019-04-08 16:48:23 +0300,
ad483eb,Morad Taleeb,library: actions rearrangments,2019-04-08 16:35:31 +0300,
fee74b2,Morad Taleeb,replaced export button text with icon and moved it to the right icons,2019-04-08 16:34:10 +0300,
47e7a10,Morad Taleeb,fixed admin menu links color on scrolling,2019-04-08 16:26:41 +0300,
556aa90,Morad Taleeb,export feature,2019-04-08 16:04:48 +0300,
ac54f9a,Abdullrahman ElHayek,add filter by year to plotly,2019-04-08 15:20:50 +0300,
28abdc7,Abdullrahman ElHayek,Merge remote-tracking branch 'origin/master',2019-04-08 14:36:22 +0300,
6c8512b,Abdullrahman ElHayek,layout the main paratmeter for plotly year filter,2019-04-08 14:36:08 +0300,
39bb5f1,Morad Taleeb,Library: fixed chart type selection,2019-04-08 13:40:34 +0300,
a1ad1b6,Morad Taleeb,Merge branch 'master' of https://github.com/knafeh/indicators-new,2019-04-08 13:22:54 +0300,
52d0563,Morad Taleeb,fixed chart option select style,2019-04-08 13:22:48 +0300,
a893b86,Abdullrahman ElHayek,remove periods from the menu,2019-04-08 11:58:41 +0300,
b8fa189,Abdullrahman ElHayek,disbaling un-nessary tabs in the dataset disabled Periods / Governorates,2019-04-08 11:55:27 +0300,
6f4a5d1,Abdullrahman ElHayek,fix Faq page (translate question 13 - ,2019-04-08 11:42:29 +0300,
5b245b2,Abdullrahman ElHayek,In dataset show: To add if statements,2019-04-08 11:05:25 +0300,
3f5af2f,Abdullrahman ElHayek,Not to show search on topic with no datasets!,2019-04-08 11:00:25 +0300,
acba67f,Abdullrahman ElHayek,Merge remote-tracking branch 'origin/master',2019-04-08 10:31:17 +0300,
490d253,Abdullrahman ElHayek,remove indicators from menu and reorder the menue with files on top of datasets,2019-04-08 10:31:04 +0300,
605757,Morad Taleeb,fixed plotly option selections styling,2019-04-07 17:29:46 +0300,
3dd3172,Morad Taleeb,Merge branch 'master' of https://github.com/knafeh/indicators-new,2019-04-07 17:23:14 +0300,
d65fc74,Morad Taleeb,Library chart: fixed options styling,2019-04-07 17:23:05 +0300,
d90ab5c,Abdullrahman ElHayek,Merge remote-tracking branch 'origin/master',2019-04-07 16:40:57 +0300,
1b20f3f,Abdullrahman ElHayek,remove public options duplications,2019-04-07 16:40:20 +0300,
0fbdf25,Morad Taleeb,Merge branch 'master' of https://github.com/knafeh/indicators-new,2019-04-07 16:27:29 +0300,
d77d882,Morad Taleeb,added description to library grid,2019-04-07 16:27:20 +0300,
bfd5a62,Abdullrahman ElHayek,Merge remote-tracking branch 'origin/master',2019-04-07 16:16:08 +0300,
9469885,Abdullrahman ElHayek,fix treeselect style,2019-04-07 16:15:27 +0300,
26cc5ae,Morad Taleeb,Merge branch 'master' of https://github.com/knafeh/indicators-new,2019-04-07 15:36:16 +0300,
629deca,Morad Taleeb,added real text to footer about section,2019-04-07 15:36:08 +0300,
47e52fd,Abdullrahman ElHayek,Merge remote-tracking branch 'origin/master',2019-04-07 15:25:53 +0300,
36acf2b,Abdullrahman ElHayek,fix form name for library topic submission,2019-04-07 15:21:32 +0300,
649e9f9,Morad Taleeb,removed language icon,2019-04-07 15:06:43 +0300,
7da1990,Morad Taleeb,resized main-search,2019-04-07 15:05:18 +0300,
3472908,Morad Taleeb,FAQ fixed question numbers | AR,2019-04-07 15:00:47 +0300,
1d0640b,Morad Taleeb,FAQ fixed question numbers,2019-04-07 14:47:39 +0300,
855ef40,Morad Taleeb,Library: added label to chart type selection,2019-04-07 14:30:26 +0300,
a637a99,Morad Taleeb,fixed library grid in topic details page,2019-04-07 14:16:33 +0300,
db3bf97,Morad Taleeb,replaced topic link with library,2019-04-07 13:59:30 +0300,
c4b47e1,Morad Taleeb,styled library options select,2019-04-07 12:18:04 +0300,
975bb06,Morad Taleeb,moved library options to top of charts / added inside library actions,2019-04-07 10:09:46 +0300,
100813d,Morad Taleeb,removed library filters ecept topics,2019-04-07 09:32:31 +0300,
e8639e4,Karam Hijazi,switched indicator into topics,4/4/2019 22:36,
617d866,Karam Hijazi,removed truncate and added topics into posts,4/4/2019 22:34,
3763ce5,Abdullrahman ElHayek,fix form name for library topic submission,2019-04-04 17:23:18 +0300,
1ee0ef8,Abdullrahman ElHayek,change the title topics to library,2019-04-04 17:16:03 +0300,
a0930cc,Abdullrahman ElHayek,fix link for datasets from library and library/topics,2019-04-04 17:09:32 +0300,
a3f0668,Abdullrahman ElHayek,remove region from legend .. Note that region has become a keyword,2019-04-04 14:29:13 +0300,
98e0caa,Abdullrahman ElHayek,fix options public view,2019-04-04 13:50:05 +0300,
5b732bb,Abdullrahman ElHayek,This fix is for HighChart,2019-04-04 13:00:15 +0300,
d6aebe1,Abdullrahman ElHayek,fix HighChart Legend,2019-04-04 12:50:47 +0300,
aaf1c80,Abdullrahman ElHayek,fix HighChart scale,2019-04-04 11:57:42 +0300,
bdd7860,Abdullrahman ElHayek,fix image preview,2019-04-04 11:38:34 +0300,
4b87992,Abdullrahman ElHayek,add return button to library fix grid styling for library selection by topics,2019-04-04 11:32:31 +0300,
80bc202,Karam Hijazi,Merge pull request #8 from knafeh/truncate-description,4/3/2019 9:00,
2466b87,Karam Hijazi,merge conflicts,4/3/2019 9:00,
75aa71c,Abdullrahman ElHayek,fix route through library and add search in datasets name for each topic,2019-04-03 15:25:18 +0300,
5d6087f,Abdullrahman ElHayek,year selection for HighChart,2019-04-03 14:59:54 +0300,
ca59b6d,Abdullrahman ElHayek,year selection for horiztal graph,2019-04-03 14:49:13 +0300,
8b05dc8,Abdullrahman ElHayek,year selection for bar graph,2019-04-03 14:45:50 +0300,
9f6d028,Abdullrahman ElHayek,Merge remote-tracking branch 'origin/master',2019-04-03 14:38:54 +0300,
8829a7e,Abdullrahman ElHayek,year selection for line graph,2019-04-03 14:37:39 +0300,
91ded60,Morad Taleeb,removed datasets list from library show page,2019-04-03 12:54:50 +0300,
7236285,Morad Taleeb,changed landing topic links to link to topic pages + removed show datasets link from topics grid,2019-04-03 12:45:37 +0300,
9372b4b,Morad Taleeb,removed topics link from header menu,2019-04-03 12:17:48 +0300,
248c4aa,Abdullrahman ElHayek,show all topics in the Website home page and removing indicators section from it,2019-04-01 17:53:52 +0300,
ccc6caf,Abdullrahman ElHayek,fix image on library,2019-04-01 15:10:06 +0300,
ed93582,Abdullrahman ElHayek,call library directly from home page,2019-04-01 14:55:46 +0300,
d116dfe,Abdullrahman ElHayek,fix regexpress pattern,2019-04-01 11:18:18 +0300,
21d6c25,Abdullrahman ElHayek,fix age_group for vizabi,2019-03-31 15:20:09 +0300,
2c85013,Abdullrahman ElHayek,debug server call to options with 800 ms time thurshold bars in chartjs,2019-03-31 11:03:00 +0300,
71938a1,Abdullrahman ElHayek,debug server call to options with 800 ms time thurshold,2019-03-30 22:58:54 +0300,
702ac8e,Abdullrahman ElHayek,debug server call to options with recursive call,2019-03-30 21:11:47 +0300,
42b0929,Abdullrahman ElHayek,debug server call to options,2019-03-30 17:49:02 +0300,
c67de74,Abdullrahman ElHayek,fix record update string and numbers,2019-03-28 13:23:42 +0200,
5365650,Abdullrahman ElHayek,fix map viz for library (test),2019-03-28 12:55:42 +0200,
911e370,Abdullrahman ElHayek,fix topic datasets visulization,2019-03-28 12:24:11 +0200,
8d01777,Abdullrahman ElHayek,fix topic datasets styling,2019-03-28 12:08:21 +0200,
b9fe124,Abdullrahman ElHayek,refix vizabi after morad fix of library style,2019-03-28 01:03:54 +0200,
8d9a1bb,Abdullrahman ElHayek,fix preview images on topics,2019-03-27 23:40:22 +0200,
816673b,Morad Taleeb,added page covers,2019-03-27 23:01:32 +0300,
e883a20,Morad Taleeb,Library: Arabic Style Fixes,2019-03-27 22:46:17 +0300,
ece4388,Morad Taleeb,Library index and single pages styled,2019-03-27 22:38:05 +0300,
20b0934,Morad Taleeb,Request Page: Arabic translation,2019-03-27 20:53:45 +0300,
8679f71,Morad Taleeb,Request Page: english translation,2019-03-27 20:42:44 +0300,
4114a55,Karam Hijazi,added tooltips,3/27/2019 12:58,
6bfd85b,Morad Taleeb,Topics: specific topic page layout and style,2019-03-27 19:56:35 +0300,
ff72da7,Morad Taleeb,topics: more fixes,2019-03-27 19:32:37 +0300,
dc9dd56,Morad Taleeb,Topics: style fix,2019-03-27 18:26:07 +0300,
e48c4be,Morad Taleeb,Merge branch 'master' of https://github.com/knafeh/indicators-new,2019-03-27 18:19:38 +0300,
1554df1,Morad Taleeb,Topics: styled new icons,2019-03-27 18:19:26 +0300,
7927cb2,Abdullrahman ElHayek,change about text,2019-03-27 16:46:59 +0200,
2db8de8,Abdullrahman ElHayek,fix icon upload,2019-03-27 15:42:03 +0200,
6dd201c,abdullrahman yusuf elhayek,Merge pull request #7 from knafeh/governotes,2019-03-27 15:31:23 +0200,
c20f4f2,Monzer Hijazi,merged all changes,3/27/2019 9:19,
5c49ca6,Monzer Hijazi,indicators working version,3/27/2019 9:14,
734aa70,Abdullrahman ElHayek,fix header of topics,2019-03-27 13:43:13 +0200,
e73d5e8,Abdullrahman ElHayek,fix layout edit,2019-03-27 11:38:01 +0200,
0d696fd,Abdullrahman ElHayek,commentin menues,2019-03-27 11:21:22 +0200,
0e0f0f7,Abdullrahman ElHayek,use js-md5 for arabic,2019-03-27 03:59:52 +0200,
7794fbf,Karam Hijazi,fix some styling,3/26/2019 21:46,
68d8609,Karam Hijazi,fixing small ui issues,3/26/2019 20:57,
c937db2,Abdullrahman ElHayek,fix throttle problem for plotly bubble,2019-03-27 02:54:12 +0200,
e205b92,Abdullrahman ElHayek,fix throttle problem for plotly map,2019-03-27 02:49:39 +0200,
3dc4cb6,Abdullrahman ElHayek,fix throttle problem for highchart,2019-03-27 02:32:28 +0200,
320c686,Abdullrahman ElHayek,fix throttle problem for chartjs,2019-03-27 02:24:16 +0200,
be2ec49,Abdullrahman ElHayek,horizontal-bar-chart tested,2019-03-27 01:55:43 +0200,
1699dc7,Abdullrahman ElHayek,tested bar chart,2019-03-27 01:50:17 +0200,
0139a1f,Abdullrahman ElHayek,tested,2019-03-27 01:40:12 +0200,
e070a40,Abdullrahman ElHayek,revert fix library repeated call,2019-03-26 21:56:31 +0200,
dd8f037,Abdullrahman ElHayek,fix library repeated call,2019-03-26 21:36:46 +0200,
e8bf3ed,Abdullrahman ElHayek,fix load dims for the first time,2019-03-26 21:20:51 +0200,
6d099e2,Abdullrahman ElHayek,fix load dims for the first time,2019-03-26 20:37:51 +0200,
be0e150,Abdullrahman ElHayek,final fix,2019-03-26 20:28:33 +0200,
edba610,Abdullrahman ElHayek,test sole call to the database,2019-03-26 20:03:11 +0200,
45ab0cb,Abdullrahman ElHayek,test sole call to the database,2019-03-26 19:07:55 +0200,
3538dd3,Monzer Hijazi,reverting user admin css,3/26/2019 5:24,
dc521e6,Monzer Hijazi,governorates getting data from controller,3/26/2019 5:19,
23f45b4,Morad Taleeb,Request page: removed video for now,2019-03-26 10:16:22 +0300,
543623d,Morad Taleeb,Request and suggest: styled form labels and radios,2019-03-26 10:01:41 +0300,
778befa,Morad Taleeb,Request and suggest: styled form,2019-03-26 09:46:32 +0300,
4ddabac,Morad Taleeb,Request and Suggest page layout,2019-03-26 09:14:34 +0300,
298f498,Karam Hijazi,ui for the governotes page,3/25/2019 23:46,
1.59E+13,Abdullrahman ElHayek,fix vizabi styling,2019-03-25 15:51:56 +0200,
7b5416e,Abdullrahman ElHayek,fix min max date,2019-03-25 13:54:02 +0200,
729f9be,Abdullrahman ElHayek,change message form,2019-03-25 13:44:35 +0200,
64d48fc,Abdullrahman ElHayek,fix messages mutation,2019-03-25 11:34:40 +0200,
b79a46e,Morad Taleeb,Contact page layout,2019-03-24 23:56:44 +0300,
5b69d88,Morad Taleeb,FAQ Page Layout and Style,2019-03-24 23:50:55 +0300,
981acd9,Morad Taleeb,Topics page style and layout,2019-03-24 22:21:56 +0300,
7f314f8,Morad Taleeb,About Page Layout and Style,2019-03-24 21:15:54 +0300,
b5979d3,Morad Taleeb,page covers style,2019-03-24 20:57:25 +0300,
2d8cbca,Abdullrahman ElHayek,fix saving json locations,2019-03-24 19:00:54 +0200,
972a60d,Abdullrahman ElHayek,fix message style,2019-03-24 16:15:52 +0200,
27ceb82,Abdullrahman ElHayek,add message location data,2019-03-24 15:10:29 +0200,
e2414ac,Abdullrahman ElHayek,reply to message via email,2019-03-24 14:37:39 +0200,
e69dc1b,Abdullrahman ElHayek,send thank message for contacting indicators.ps,2019-03-24 13:58:54 +0200,
f018e28,Abdullrahman ElHayek,Merge branch 'master' of https://github.com/knafeh/indicators-new,2019-03-24 13:07:20 +0200,
52c49ba,Abdullrahman ElHayek,fix save messages,2019-03-24 13:06:05 +0200,
36d1013,Morad Taleeb,Landing: Fixed indicators filtering switch,2019-03-24 00:16:05 +0300,
81aecda,Abdullrahman ElHayek,edit for message update backend logic,2019-03-23 16:37:24 +0200,
3e46d5c,Abdullrahman ElHayek,fix local changes,2019-03-23 14:09:24 +0200,
f8eae60,Abdullrahman ElHayek,fix local changes,2019-03-23 14:07:47 +0200,
42ff30b,Abdullrahman ElHayek,Merge remote-tracking branch 'origin/master',2019-03-23 12:46:57 +0200,
174815f,Abdullrahman ElHayek,fix message controller,2019-03-23 12:46:40 +0200,
9de6b60,abdullrahman yusuf elhayek,Merge pull request #6 from knafeh/userSettingsPage,2019-03-23 12:44:01 +0200,
b5ef08b,Monzer Hijazi,no message,3/23/2019 6:40,
564e3da,Monzer Hijazi,fixing settings properties,3/23/2019 6:34,
6ec3258,Abdullrahman ElHayek,add messages control to the control panel admin level,2019-03-23 12:33:46 +0200,
e21c6d7,Monzer Hijazi,adding language support,3/23/2019 6:22,
2b8f80d,Abdullrahman ElHayek,Merge remote-tracking branch 'origin/master',2019-03-23 12:08:39 +0200,
a925150,Abdullrahman ElHayek,common for messages,2019-03-23 12:08:25 +0200,
18ab23c,Morad Taleeb,merging,2019-03-23 13:05:02 +0300,
33c879a,Morad Taleeb,Datasets: rearranged displaying legend options,2019-03-23 13:03:57 +0300,
fb228a3,Abdullrahman ElHayek,add messages for the message form,2019-03-23 12:00:44 +0200,
9ebcbb3,Abdullrahman ElHayek,Merge remote-tracking branch 'origin/master',2019-03-23 11:27:56 +0200,
f1397ac,Abdullrahman ElHayek,"fix Message store for public user create table if not exists messages ( 	id int unsigned auto_increment 		primary key",2019-03-23 11:27:10 +0200,
2151fd5,Morad Taleeb,Files: Added file id to title,2019-03-23 11:50:16 +0300,
87a13a6,Morad Taleeb,Datasets: merged library and options tabs,2019-03-23 11:11:13 +0300,
419cd95,Monzer Hijazi,fixed settings API,3/22/2019 15:55,
28810fe,Abdullrahman ElHayek,fix style of new pages,2019-03-22 19:18:44 +0200,
2423379,Karam Hijazi,connected ui to php,3/22/2019 8:29,
cfd1386,Abdullrahman ElHayek,contact us page,2019-03-21 15:59:05 +0200,
aa48470,Abdullrahman ElHayek,frequently asked questions,2019-03-21 15:50:37 +0200,
e56f77d,Abdullrahman ElHayek,faq page,2019-03-21 14:55:01 +0200,
8a1bed1,Abdullrahman ElHayek,Merge remote-tracking branch 'origin/master',2019-03-21 14:50:32 +0200,
65cacbf,Abdullrahman ElHayek,fix about us arabic and English,2019-03-21 14:50:06 +0200,
d1e04b3,Morad Taleeb,Merge branch 'master' of https://github.com/knafeh/indicators-new,2019-03-21 14:47:25 +0200,
e5acd5e,Morad Taleeb,Library: fixed showing chzrts with a min-height: 400px,2019-03-21 14:46:33 +0200,
e39440a,Abdullrahman ElHayek,set default for fdimload,2019-03-21 14:10:21 +0200,
b7b5a7e,Morad Taleeb,Merge branch 'master' of https://github.com/knafeh/indicators-new,2019-03-21 13:59:37 +0200,
7b3ceaf,Morad Taleeb,fixed library filters in show page,2019-03-21 13:55:21 +0200,
f1616d7,Abdullrahman ElHayek,remove wait,2019-03-21 13:45:47 +0200,
d04cb8e,Morad Taleeb,Merge branch 'master' of https://github.com/knafeh/indicators-new,2019-03-21 13:41:04 +0200,
c86738d,Morad Taleeb,merging,2019-03-21 13:40:38 +0200,
e50a2f5,Abdullrahman ElHayek,clear options before load,2019-03-21 13:39:30 +0200,
821215f,Morad Taleeb,removed scroll from library chart/show,2019-03-21 13:37:38 +0200,
d06e9e0,Abdullrahman ElHayek,inccrease stall time to 4 second,2019-03-21 13:27:35 +0200,
56dfd95,Abdullrahman ElHayek,test library load,2019-03-21 12:49:13 +0200,
2f2ced7,Abdullrahman ElHayek,fix file redirection after saving,2019-03-20 17:04:06 +0200,
b10e97e,Abdullrahman ElHayek,vizabi code,2019-03-20 16:46:43 +0200,
136b6f5,Abdullrahman ElHayek,vizabi,2019-03-20 16:46:29 +0200,
50fc91c,Morad Taleeb,fixed vizabi chart view,2019-03-20 11:41:16 +0200,
b7c00fa,Morad Taleeb,fixed vizabi height - tbc,2019-03-20 10:34:19 +0200,
529d135,Morad Taleeb,commented unneeded elements,2019-03-20 10:27:51 +0200,
b273481,Morad Taleeb,commented unneeded elements,2019-03-20 10:21:31 +0200,
815c428,Morad Taleeb,indicators all translation,2019-03-20 10:09:21 +0200,
2b7a6e8,Morad Taleeb,added all to indicators filters,2019-03-20 10:06:11 +0200,
38defc6,abdullrahman yusuf elhayek,Merge pull request #5 from knafeh/cssFixes,2019-03-20 01:52:47 +0200,
6b4d5d5,Karam Hijazi,fixed some styling issues when changing into arabic,3/19/2019 11:16,
3510bf4,Karam Hijazi,fixed some styling issues when changing into arabic,3/19/2019 11:15,
778cae8,Abdullrahman ElHayek,fix chart saving,2019-03-19 16:49:16 +0200,
df27ec8,Abdullrahman ElHayek,fix load data tree in other libraries,2019-03-19 16:27:20 +0200,
31eec4f,Abdullrahman ElHayek,fix search feature by algolia,2019-03-19 15:52:01 +0200,
d176d9a,Abdullrahman ElHayek,fix search by algolia limiting it to the public,2019-03-19 12:59:08 +0200,
a37a232,Abdullrahman ElHayek,color by fix for plotly,2019-03-19 12:16:13 +0200,
b54c807,Abdullrahman ElHayek,fix plotly messages,2019-03-19 12:11:58 +0200,
1a1774b,Abdullrahman ElHayek,fix chartjs cross library messages,2019-03-19 11:37:11 +0200,
1b4bf10,Karam Hijazi,settings ui,3/18/2019 19:27,
3ed6c06,Morad Taleeb,fixed datasets filters form,2019-03-18 23:25:40 +0200,
36c25f4,Morad Taleeb,landing indicators: Arabic style fixes,2019-03-18 23:07:58 +0200,
f7eab26,Morad Taleeb,no options for vizabi message + added visibility tab at end,2019-03-18 23:02:25 +0200,
0cab669,Morad Taleeb,fixed header icons styling + arabic dropdown icon style,2019-03-18 22:51:13 +0200,
30887d2,Morad Taleeb,landing indicators: styled filtering and search,2019-03-18 22:31:08 +0200,
6179415,Morad Taleeb,Merge branch 'master' of https://github.com/knafeh/indicators-new,2019-03-18 22:13:20 +0200,
4ba16df,Morad Taleeb,Landing indicators: added filters and search,2019-03-18 22:13:08 +0200,
ae8e617,Abdullrahman ElHayek,fix styling of datasets,2019-03-18 20:50:44 +0200,
a63778d,monzerhijazi,Merge pull request #4 from knafeh/userEditPage,3/18/2019 13:53,
07c6378,Monzer Hijazi,Merge commit 'c519782c7e483c463a0695e6c2680b265a03b52b' into userEditPage,3/18/2019 13:52,
c519782,Abdullrahman ElHayek,fix register new user,2019-03-18 14:21:25 +0200,
a37faa3,Abdullrahman ElHayek,remove tableau options,2019-03-18 09:57:45 +0200,
4.60E+04,Karam Hijazi,fixed conflicts with codebase,3/17/2019 19:09,
19dcab6,Karam Hijazi,merge code with master,3/17/2019 18:59,
aa90650,Morad Taleeb,on create dataset,2019-03-17 23:37:52 +0200,
ae6aa09,Morad Taleeb,minor fixes,2019-03-17 23:25:19 +0200,
e04ac68,Morad Taleeb,Files: form topics validation,2019-03-17 23:10:10 +0200,
867faa8,Karam Hijazi,checking for password,3/17/2019 15:29,
8da9b19,Karam Hijazi,merge code with master,3/17/2019 15:00,
33e615c,Karam Hijazi,changed the v-select into single,3/17/2019 14:30,
1c08b9f,Karam Hijazi,action buttons connected,3/17/2019 13:26,
27755f9,Abdullrahman ElHayek,change arabic to ï¿½ï¿½ï¿½ï¿½ï¿,2019-03-17 13:59:22 +0200,
7bd14a0,Abdullrahman ElHayek,fix,2019-03-17 13:39:07 +0200,
343b226,Abdullrahman ElHayek,fix language for file show and edit,2019-03-17 12:52:14 +0200,
1c46908,Abdullrahman ElHayek,fix language for user roles in user epic 2,2019-03-17 12:42:04 +0200,
a51543d,Abdullrahman ElHayek,fix language for user roles in user epic,2019-03-17 12:27:20 +0200,
2076a25,Karam Hijazi,Merge branch 'master' of https://github.com/knafeh/indicators-new into userEditPage,3/17/2019 1:20,
1644e7b,Karam Hijazi,Edit Profile UI,3/17/2019 1:20,
93a56e0,Abdullrahman ElHayek,fix the translation of database role names,2019-03-16 23:46:28 +0200,
80c1639,Abdullrahman ElHayek,fixing default value of all governorates Arabic and English,2019-03-16 23:17:06 +0200,
7aa0103,Abdullrahman ElHayek,filter language for datasets,2019-03-16 21:41:06 +0200,
bb7d2f2,Abdullrahman ElHayek,filter language for files,2019-03-16 21:28:20 +0200,
aa7e3cd,Abdullrahman ElHayek,fix topic name in sorting list,2019-03-16 20:43:21 +0200,
fd62ed0,Abdullrahman ElHayek,fix file upload checking,2019-03-16 20:33:59 +0200,
9c0e5b9,Morad Taleeb,Library: styling + trying on selected datasets,2019-03-16 19:26:25 +0200,
b655613,Morad Taleeb,Library: minor style fixeds,2019-03-16 18:26:44 +0200,
430fe1e,Morad Taleeb,Library: fixed mobile styling,2019-03-16 15:56:43 +0200,
c43e3bc,Morad Taleeb,Library: buttons arrangments and styling,2019-03-16 15:19:46 +0200,
b6cb18b,Morad Taleeb,Library: added libraries list,2019-03-16 14:50:20 +0200,
b7f9c91,Morad Taleeb,fixed conflicts,2019-03-16 14:08:01 +0200,
82038c9,Morad Taleeb,datasets tabs messages - tbc,2019-03-16 14:07:06 +0200,
836f02c,Abdullrahman ElHayek,Level the differences in App.js after my stash pull unstash push for changes (files messages),2019-03-16 12:28:23 +0200,
b128fc0,Abdullrahman ElHayek,fix file message,2019-03-16 10:40:08 +0200,
257f26d,Morad Taleeb,Library: Edit library dataset,2019-03-15 23:47:29 +0200,
56e52c5,Morad Taleeb,Library: export,2019-03-15 23:34:09 +0200,
976ecf3,Morad Taleeb,fixed new logo style in dashboard,2019-03-15 00:00:01 +0200,
539ce64,Morad Taleeb,Some translation fixes,2019-03-14 23:55:44 +0200,
41a5e7b,Morad Taleeb,General style fixes,2019-03-14 23:23:42 +0200,
4738794,Morad Taleeb,Landing: minor style fixes,2019-03-14 22:39:27 +0200,
1538057,Morad Taleeb,Landing: fixed header style for mobile,2019-03-14 22:25:34 +0200,
b5ff096,Morad Taleeb,Landing: header and search styling in details,2019-03-14 22:15:46 +0200,
9f26a62,Morad Taleeb,Created static about page,2019-03-13 23:41:36 +0200,
adec78b,Morad Taleeb,fixing library view style,2019-03-13 23:18:34 +0200,
7488232,Morad Taleeb,Landing: style details,2019-03-13 22:29:20 +0200,
657e33b,Morad Taleeb,Landing: styled indicators list and results,2019-03-13 22:18:37 +0200,
29454eb,Morad Taleeb,Landing: filtering and listing indicators,2019-03-13 21:54:31 +0200,
eb56fcd,Abdullrahman ElHayek,remove language from algolia search,2019-03-13 13:33:38 +0200,
837fd19,Abdullrahman ElHayek,fix algolia clear search,2019-03-13 13:31:20 +0200,
0cb26aa,Karam Hijazi,Update README.md,3/12/2019 21:47,
7362268,Morad Taleeb,library layouting,2019-03-12 23:28:07 +0200,
d2f23ce,Abdullrahman ElHayek,add help to the site,2019-03-12 16:41:38 +0200,
75d136e,Abdullrahman ElHayek,add filter by indicators to algolia,2019-03-12 15:23:08 +0200,
73c55c9,Abdullrahman ElHayek,add script2 to debug for algolia,2019-03-12 15:22:38 +0200,
e28f513,Abdullrahman ElHayek,add filter by indicators to algolia,2019-03-12 12:50:55 +0200,
c56ecb7,Morad Taleeb,Landing: indicators filter list,2019-03-11 22:34:09 +0200,
1ab36f3,Morad Taleeb,added save and preview buttons at the end,2019-03-11 22:33:31 +0200,
7ca4d7b,Morad Taleeb,Landing: search is now functioning,2019-03-11 22:02:01 +0200,
2c09852,Morad Taleeb,rearranged datasets form tabs,2019-03-11 21:32:27 +0200,
29a420f,Abdullrahman ElHayek,map indicators to datasets,2019-03-11 17:04:43 +0200,
da4c400,Abdullrahman ElHayek,Open library for public user plotly,2019-03-11 14:59:40 +0200,
7c78e6d,Abdullrahman ElHayek,Open library for public user Highchart and chartjs,2019-03-11 14:35:58 +0200,
7ab7a15,Abdullrahman ElHayek,update node-sass,2019-03-11 11:42:30 +0200,
8fa8f79,Abdullrahman ElHayek,close alert message,2019-03-11 10:54:44 +0200,
cf3765e,abdullrahman yusuf elhayek,Merge pull request #3 from knafeh/users_redesign,2019-03-11 10:42:35 +0200,
4455a1c,Monzer Hijazi,fixed filter styling issues,3/10/2019 21:20,
8ab8551,Monzer Hijazi,Merge commit '9ddc5afe880cb79e346b807ae401691b657e47b5' into users_redesign,3/10/2019 21:16,
94dc399,Monzer Hijazi,user add/delete complete,3/10/2019 21:16,
9ddc5af,Morad Taleeb,fixed pagination styling active/disabled,2019-03-10 23:26:30 +0200,
4e9966b,Morad Taleeb,Landing: indicators initial,2019-03-10 23:06:10 +0200,
62aa92a,Morad Taleeb,fixed selecting topic style in files form,2019-03-10 22:18:08 +0200,
ae6f6eb,Morad Taleeb,linked logo in dashboard to landing page,2019-03-10 21:59:53 +0200,
4b7ac06,Morad Taleeb,Added file id to files grid layout,2019-03-10 21:54:01 +0200,
0675a7b,Morad Taleeb,styled alerts for site layout/pages,2019-03-10 21:47:05 +0200,
3af8200,abdullrahman yusuf elhayek,Merge pull request #2 from knafeh/users_redesign,2019-03-10 20:59:55 +0200,
33c14b7,Monzer Hijazi,Merge commit 'e9eed784ec24335ca85ae5f3fec5b7312a7da40e' into users_redesign,3/10/2019 9:52,
414fa2e,Monzer Hijazi,users redesign v1 user grid + cleanup,3/10/2019 9:48,
e9eed78,Abdullrahman ElHayek,remove dformat from file edit and view,2019-03-10 13:46:11 +0200,
1583c19,Abdullrahman ElHayek,adding vertical and horizontal chart to highchart,2019-03-10 13:36:44 +0200,
406654a,Abdullrahman ElHayek,fix Labels for HighChart and Chartjs axies,2019-03-10 12:56:07 +0200,
5d7a2e0,Abdullrahman ElHayek,fix clearOnSelect for the trees,2019-03-10 12:06:11 +0200,
1513d77,Abdullrahman ElHayek,inval fix for highchart and chartjs,2019-03-10 11:44:55 +0200,
553168d,Abdullrahman ElHayek,fix session message name,2019-03-10 11:18:51 +0200,
9e845cb,Abdullrahman ElHayek,force file names to be unique,2019-03-10 11:07:33 +0200,
1fc9eba,Abdullrahman ElHayek,remove iframe,2019-03-10 10:52:06 +0200,
83ff44d,Morad Taleeb,Datasets: wizard improvement - open/close tabs,2019-03-10 00:15:31 +0200,
eec93f7,Morad Taleeb,Datasets wizard: fixed multiselect selection height,2019-03-09 23:58:35 +0200,
8ca461a,Morad Taleeb,Landing: topics filtering and links,2019-03-09 23:14:24 +0200,
0dd2d9e,Morad Taleeb,library grid styling,2019-03-09 17:01:12 +0200,
e528bab,Morad Taleeb,library page layouting,2019-03-09 15:58:46 +0200,
e2fefc5,Morad Taleeb,Landing: arabic chevron,2019-03-09 14:16:06 +0200,
1e29db8,Morad Taleeb,Landing: styled topics section,2019-03-09 11:55:42 +0200,
18cb6c6,Morad Taleeb,Landing: datasets by topics init,2019-03-09 00:34:47 +0200,
2763490,Morad Taleeb,Landing: header datasets to link to library,2019-03-09 00:04:04 +0200,
5c8da9a,Morad Taleeb,Landing: header admin menu,2019-03-08 23:46:30 +0200,
a8a55f0,Morad Taleeb,Landing: footer styling,2019-03-08 00:50:49 +0200,
18b3757,Abdullrahman ElHayek,any edit for admin will extend admin rather than app layout,2019-03-07 14:39:08 +0200,
e71637b,Morad Taleeb,reverted app.blade.php,2019-03-07 14:29:25 +0200,
036f096,Morad Taleeb,Put datasets link,2019-03-06 23:55:59 +0200,
2965886,Morad Taleeb,Landing: main search styling,2019-03-06 23:47:23 +0200,
fe6f418,Morad Taleeb,landing: header style (logo to be replaced with when I get the files from Bashar),2019-03-06 23:04:22 +0200,
2ae4b90,Morad Taleeb,landing: topics layout,2019-03-05 22:47:13 +0200,
b0f5c0a,Morad Taleeb,landing main search layout,2019-03-05 22:30:06 +0200,
a3069c9,Morad Taleeb,application footer layout,2019-03-05 22:02:48 +0200,
9d549aa,Morad Taleeb,site header layout,2019-03-05 21:45:43 +0200,
e530dd2,Abdullrahman ElHayek,Fix chartjs messages (en and ar) now based on locality,2019-03-05 16:30:26 +0200,
aa6c869,Abdullrahman ElHayek,Fix vizabi messages (en and ar) now based on locality,2019-03-05 16:15:51 +0200,
6f38ef2,Abdullrahman ElHayek,Fix HighChart messages (en and ar) now based on locality,2019-03-05 15:52:05 +0200,
1ae7b68,Abdullrahman ElHayek,Fix plotly map messages (en and ar) now based on locality,2019-03-05 15:33:48 +0200,
c8eacd7,Abdullrahman ElHayek,Fix plotly bubble messages (en and ar) now based on locality,2019-03-05 15:23:27 +0200,
4e46a2d,Abdullrahman ElHayek,fixing chartjs height problem,2019-03-05 14:18:28 +0200,
dd8a53a,Abdullrahman ElHayek,re,2019-03-05 13:29:14 +0200,
7143c9b,Abdullrahman ElHayek,fix : hight default value for the newly created datasets 400,2019-03-04 14:01:16 +0200,
cfb5359,Abdullrahman ElHayek,fix : hight default value for the newly created datasets,2019-03-04 13:53:39 +0200,
1f251b3,Abdullrahman ElHayek,fixing : I canï¿½ï¿½ï¿½t seem to delete a topic from ï¿½ï¿½ï¿½Generalï¿½ï¿½ï¿½ in a dataset. Is it an option? I chose Education and got the files related to that topic. Then I tried deleting it using the Backspace but,2019-03-04 13:11:45 +0200,
7aaad65,Morad Taleeb,Merge branch 'master' of https://github.com/knafeh/indicators-new,2019-03-03 22:11:58 +0200,
88433b7,Morad Taleeb,general issues fixing - google doc feedback,2019-03-03 22:11:42 +0200,
79cd2a3,Abdullrahman ElHayek,fix number cleaning,2019-03-03 20:31:02 +0200,
b803c7e,abdullrahman yusuf elhayek,Merge pull request #1 from knafeh/monzer_initial,2019-03-03 19:28:35 +0200,
3ac579c,Monzer Hijazi,created readme with notes from experience and added variables to .env.example to be filled out by developer after creating local .env,3/3/2019 10:37,
e3e0eef,Abdullrahman ElHayek,fix topic selection based on chosen language,2019-03-03 17:07:59 +0200,
dae2cff,Abdullrahman ElHayek,fix file message language,2019-03-03 15:57:11 +0200,
4632ee4,Abdullrahman ElHayek,fix file message language,2019-03-03 14:42:34 +0200,
a6b9fce,Abdullrahman ElHayek,fix file message,2019-03-03 14:38:25 +0200,
a2e8dcc,Abdullrahman ElHayek,preserve the file name,2019-03-03 13:38:11 +0200,
2ec1da1,Abdullrahman ElHayek,fix message,2019-03-03 13:21:05 +0200,
e2eca80,Abdullrahman ElHayek,Highchart default,2019-03-03 12:58:34 +0200,
d339da9,Abdullrahman ElHayek,fix file delete rediction,2019-03-03 12:15:05 +0200,
0178dae,Abdullrahman ElHayek,fix query exception,2019-03-03 11:46:05 +0200,
9602123,Abdullrahman ElHayek,fix bubble chart tooltip,2019-03-03 11:26:10 +0200,
549e0f1,Morad Taleeb,fixed aggr options tree list style,2019-03-02 23:32:33 +0200,
b79d4d5,Morad Taleeb,fixed file edit + made upload file required,2019-03-02 23:15:10 +0200,
6c1eb54,Morad Taleeb,made file upload required field,2019-03-02 23:06:26 +0200,
4502d18,Morad Taleeb,upload only csv files,2019-03-02 22:57:47 +0200,
0667f33,Morad Taleeb,tried to name the downloaded file #fail,2019-03-02 22:47:35 +0200,
136b7f6,Morad Taleeb,removed unneeded chart types,2019-03-02 22:07:33 +0200,
9a8f83e,Morad Taleeb,removed bubble option from plotly library,2019-03-02 17:59:40 +0200,
a76874f,Morad Taleeb,Changed base selector label,2019-03-02 17:55:42 +0200,
d645ef5,Morad Taleeb,Changed charttype title to sub-title,2019-03-02 17:50:08 +0200,
403813,Morad Taleeb,fixed spelling,2019-03-02 17:44:47 +0200,
3646811,Morad Taleeb,removed point options on bar chart is selected,2019-03-02 17:32:41 +0200,
2af170a,Morad Taleeb,hid multiselect tooltip on hover,2019-03-02 17:12:49 +0200,
7956782,Morad Taleeb,showing dataset id in the title,2019-03-02 17:01:59 +0200,
a666c9c,Morad Taleeb,Merge branch 'master' of https://github.com/knafeh/indicators-new,2019-03-02 16:28:39 +0200,
003bd17,Morad Taleeb,Fixed website shaking,2019-03-02 16:28:33 +0200,
259a759,Abdullrahman ElHayek,fix save capture or upload,2019-03-02 16:22:01 +0200,
c0404ea,Abdullrahman ElHayek,dom-to-image is added,2019-03-02 15:25:31 +0200,
e45d3da,Abdullrahman ElHayek,Saving captured image to the database,2019-03-02 14:14:07 +0200,
9e2149f,Abdullrahman ElHayek,fix saving topics for the files,2019-03-02 12:33:50 +0200,
2b41d34,Morad Taleeb,Translated files delete confirmation,2019-03-01 21:45:33 +0200,
034b3f6,Morad Taleeb,Html to canvas - tbc with abdo,2019-03-01 21:23:29 +0200,
528f456,Morad Taleeb,readded preview dataset button,2019-03-01 20:22:08 +0200,
36e51b8,Morad Taleeb,removed any from datasets languages,2019-03-01 19:58:52 +0200,
2801894,Morad Taleeb,commented console.log,2019-02-28 22:33:10 +0200,
d706738,Morad Taleeb,added operations to file data-table,2019-02-28 22:24:52 +0200,
12d77c9,Morad Taleeb,fixed files datatable + styled it,2019-02-28 22:03:34 +0200,
c1cc6a0,Morad Taleeb,fixing conflict,2019-02-28 21:01:36 +0200,
38fee72,Morad Taleeb,removed view toggle f frrom datasets,2019-02-28 20:52:13 +0200,
b02317d,Abdullrahman ElHayek,fix files tables,2019-02-28 15:58:05 +0200,
16ecab0,Abdullrahman ElHayek,fix files tables,2019-02-28 15:42:06 +0200,
02b00b7,Abdullrahman ElHayek,install html2canvas for the front end,2019-02-28 04:34:53 +0200,
7f5bdb5,Morad Taleeb,trying to fix data-table in file view! #fail,2019-02-27 22:58:21 +0200,
89ceb8a,Morad Taleeb,readded data format: long to the form,2019-02-27 22:40:56 +0200,
40a57d5,Morad Taleeb,fixed header secondary menu style,2019-02-27 21:52:58 +0200,
6890f6a,Morad Taleeb,Fixed files pagination,2019-02-27 21:35:17 +0200,
b12be09,Morad Taleeb,show 12 files in one page - I'll fix pagination tomorrow,2019-02-26 23:17:51 +0200,
14b3a07,Morad Taleeb,tried adding html2canvas it keeps giving error,2019-02-26 23:08:42 +0200,
b82560e,Morad Taleeb,fixed adding file,2019-02-26 21:29:12 +0200,
efefb62,Morad Taleeb,changed aggregation by label to filter by,2019-02-25 23:48:50 +0200,
dd40944,Morad Taleeb,fixed delete files + added warning on delete if file is linked to a dataset,2019-02-25 23:37:34 +0200,
24545f8,Morad Taleeb,fixed conflict,2019-02-25 22:31:04 +0200,
440896e,Morad Taleeb,trying on file table vieew,2019-02-25 22:28:26 +0200,
653de46,Abdullrahman ElHayek,fix labels for higchart and chartjs,2/25/2019 5:32,
3.93E+08,Morad Taleeb,Datasets: show selected upload image before saving,2019-02-24 17:25:26 +0200,
63d6b3e,Abdullrahman ElHayek,fix preview upload,2/24/2019 6:30,
deaa13c,Morad Taleeb,test uploading file,2019-02-24 14:25:52 +0200,
65b2429,Morad Taleeb,fixed image uploading,2019-02-24 14:14:42 +0200,
4e9c245,Morad Taleeb,datasets: uploading preview file,2019-02-24 13:23:06 +0200,
0d9fa0d,Morad Taleeb,datasets tabs toggle rtl style fix,2019-02-24 12:46:22 +0200,
a8a8c4e,Morad Taleeb,fixed dataset tabs nav style,2019-02-24 12:41:23 +0200,
15a4af5,Morad Taleeb,trying on files table view,2019-02-23 22:20:13 +0200,
9d8d39a,Morad Taleeb,reverted work on datasets saving,2019-02-23 19:56:46 +0200,
6ca3cc2,Morad Taleeb,trying to fix datasets preview image upload,2019-02-23 19:26:14 +0200,
722560c,Abdullrahman ElHayek,Topic search and sort,2/23/2019 4:15,
3f44ae6,Abdullrahman ElHayek,add preview image code,2/23/2019 1:57,
ecf09c6,Abdullrahman ElHayek,Fix datatables,2019-02-21 17:44:54 +0200,
2388c54,Morad Taleeb,delete confirmation from edit page,2019-02-20 23:10:40 +0200,
20e994e,Morad Taleeb,delete file confirmation,2019-02-20 23:00:59 +0200,
8fd15ca,Morad Taleeb,styled data-table stripped,2019-02-20 21:35:02 +0200,
0a146b8,Morad Taleeb,Print file name in files edit form,2019-02-20 21:11:47 +0200,
c57f5b3,Abdullrahman ElHayek,Fix saving topics,2019-02-20 13:57:16 +0200,
33881b8,Abdullrahman ElHayek,Fix saving topics,2019-02-20 13:49:11 +0200,
6d114dd,Morad Taleeb,Datasets: using multiselect instead of select2,2019-02-20 12:36:54 +0200,
397f581,Morad Taleeb,Files: styled form in edit page,2019-02-19 23:16:57 +0200,
e9b3bb0,Morad Taleeb,Files form: fixed conflict,2019-02-19 22:35:47 +0200,
10d18d5,Morad Taleeb,Files: styled file form,2019-02-19 22:25:20 +0200,
8583b58,Abdullrahman ElHayek,Fix saving topics,2019-02-19 21:12:36 +0200,
7.20E+06,Abdullrahman ElHayek,HighChart fix Arabic,2019-02-19 11:10:19 +0200,
5fd4a65,Morad Taleeb,files: grid style fixes,2019-02-18 22:02:10 +0200,
4a67f06,Morad Taleeb,files: grid styling,2019-02-18 21:55:46 +0200,
33b2aa4,Morad Taleeb,files: filters,2019-02-18 20:47:30 +0200,
d0a7684,Morad Taleeb,datasets: tabs navigation,2019-02-18 18:20:28 +0200,
49fb99d,Morad Taleeb,fixed conflict,2019-02-18 17:33:02 +0200,
66de1f7,Morad Taleeb,datasets: form type options styling,2019-02-18 17:31:55 +0200,
4e4e625,Abdullrahman ElHayek,HighChart fix,2019-02-18 17:10:09 +0200,
2e37d41,Abdullrahman ElHayek,Serivce to check if file has a dataset,2019-02-18 16:57:23 +0200,
aa3ef3f,Morad Taleeb,fixed dataset wizard styling,2019-02-18 16:19:09 +0200,
3b428a5,Morad Taleeb,dataset wizard: styling part 2 - chartjs options,2019-02-17 20:50:45 +0200,
89daeb2,Morad Taleeb,dataset wizard: fixed tags styling,2019-02-17 20:19:28 +0200,
09fa5b1,Morad Taleeb,dataset form/wizard styling - part 1,2019-02-17 19:25:26 +0200,
f88d596,Morad Taleeb,added logo and fixed sidebar colors,2019-02-16 23:54:22 +0200,
7ef8503,Morad Taleeb,added preview/thumbnail image to datasets,2019-02-16 23:35:09 +0200,
7720eb9,Morad Taleeb,using select2 for dataset form,2019-02-16 22:43:39 +0200,
081b297,Morad Taleeb,Using Select2 for file topics,2019-02-16 22:04:45 +0200,
3d6c0a3,Morad Taleeb,fixed translation files,2019-02-16 15:16:49 +0200,
ec76ef6,Abdullrahman ElHayek,Serivce to check if file has a dataset,2019-02-16 13:11:01 +0200,
9725794,Abdullrahman ElHayek,adding coding ability match with the system - frontend,2019-02-16 12:16:11 +0200,
2eca1bd,Abdullrahman ElHayek,adding coding ability match with the system - backend,2019-02-16 12:03:26 +0200,
d691184,Morad Taleeb,dataset show/edit style fixes,2019-02-15 22:58:45 +0200,
6178fa6,Morad Taleeb,showing admin side menus depending on user role,2019-02-15 21:58:21 +0200,
aca0dc4,Morad Taleeb,files edit with dashboard layout,2019-02-15 21:33:24 +0200,
1caaa61,Morad Taleeb,search style,2019-02-15 21:23:05 +0200,
5a00956,Morad Taleeb,showing real name of photo of current logged in user,2019-02-15 18:58:08 +0200,
8a30353,Morad Taleeb,added select2,2019-02-15 18:45:16 +0200,
286ed31,Morad Taleeb,Fixed sorting datasets,2019-02-15 18:13:00 +0200,
ca63dec,Morad Taleeb,header links,2019-02-15 17:51:17 +0200,
83294f2,Morad Taleeb,Fixed dashboard main route,2019-02-13 22:56:42 +0200,
789cd2c,Morad Taleeb,other pages/forms with new admin layout,2019-02-13 22:21:11 +0200,
001f279,Morad Taleeb,your settings new admin layout,2019-02-13 22:08:47 +0200,
982ad90,Morad Taleeb,settings main layout,2019-02-13 20:20:39 +0200,
1772217,Morad Taleeb,Users layouts and styles,2019-02-13 20:12:40 +0200,
d6c5480,Morad Taleeb,added colors to auth pages,2019-02-13 19:49:04 +0200,
c20eb6c,Morad Taleeb,Merge branch 'master' of https://github.com/knafeh/indicators-new,2019-02-13 19:19:38 +0200,
ea5edb5,Morad Taleeb,Added Colors,2019-02-13 19:19:35 +0200,
8b1e790,Abdullrahman ElHayek,fix bubble,2019-02-13 09:52:45 +0200,
3b23779,Morad Taleeb,minor style fixes,2019-02-12 22:55:45 +0200,
6ba0a3d,Morad Taleeb,fixed dataset edit layout and style for small screens,2019-02-12 22:33:27 +0200,
6d35366,Morad Taleeb,Dataset: isplaying files and topics,2019-02-11 22:59:47 +0200,
8139934,Morad Taleeb,Dataset actions: added real library selctors,2019-02-11 22:31:05 +0200,
90e725e,Morad Taleeb,implemented fullscreen for dataset view,2019-02-11 22:02:48 +0200,
9fb42fe,Morad Taleeb,Dataset form: tabs toggle,2019-02-11 21:21:09 +0200,
e7d90db,Morad Taleeb,Dataset view: styling,2019-02-10 22:31:09 +0200,
6e299ed,Morad Taleeb,Dataset form: fixed style of general tab / topics selector,2019-02-10 22:10:44 +0200,
8df4ceb,Morad Taleeb,dataset show: styled actions bar,2019-02-10 22:06:08 +0200,
b573864,Morad Taleeb,Dataset show layout for non-admin users,2019-02-10 21:32:33 +0200,
c358da9,Abdullrahman ElHayek,file - topics mapping,2019-02-10 17:51:19 +0200,
8f464f0,Abdullrahman ElHayek,file - topics mapping,2019-02-10 17:24:12 +0200,
1b17c63,Abdullrahman ElHayek,file - topics mapping,2019-02-10 10:40:41 +0200,
271ff33,Morad Taleeb,datasets general layout for non-admins,2019-02-09 20:17:15 +0200,
0fa4caa,Morad Taleeb,dataset form: fixed rtl styles,2019-02-09 19:34:40 +0200,
e3232c2,Morad Taleeb,fixed info tab - datasets form,2019-02-09 18:57:50 +0200,
f875b7c,Morad Taleeb,fixed multiselect position issue,2019-02-09 18:40:46 +0200,
01a3ad8,Morad Taleeb,Header style minor fixes,2019-02-09 16:03:02 +0200,
65adb75,Morad Taleeb,Styled save/delete dataset tab,2019-02-09 15:59:16 +0200,
21133b5,Morad Taleeb,highchart options layout,2019-02-09 13:01:12 +0200,
c369905,Morad Taleeb,tableau and iframe  options layout,2019-02-09 12:59:26 +0200,
8f0b97e,Morad Taleeb,plotly options layout,2019-02-09 12:55:26 +0200,
7eaae2a,Morad Taleeb,chartjs options layout,2019-02-09 12:49:02 +0200,
5940b42,Morad Taleeb,dataset form: fixed file selector style,2019-02-09 12:27:58 +0200,
808eeb1,Morad Taleeb,datasets styled tabs content,2019-02-09 12:16:41 +0200,
118b0fd,Morad Taleeb,added missing comma,2019-02-09 11:21:43 +0200,
929f596,Morad Taleeb,datasets tabs styling,2019-02-08 23:29:44 +0200,
e1053b2,Morad Taleeb,Implemented dataset visual tabs,2019-02-08 22:55:59 +0200,
2ac09c0,Morad Taleeb,Merge branch 'master' of https://github.com/knafeh/indicators-new,2019-02-08 21:31:50 +0200,
a1da89a,Morad Taleeb,dataset edit html layout,2019-02-08 21:31:46 +0200,
cc94270,Abdullrahman ElHayek,Update file controllers 1- fixed JSON types 2- Dimention selection is bound by new changes,2019-02-07 20:56:01 +0200,
e637d9e,Morad Taleeb,styled dataset actions,2019-02-06 22:55:55 +0200,
d2373e9,Morad Taleeb,added loading indicator,2019-02-06 21:13:21 +0200,
2.21E+05,Abdullrahman ElHayek,more cleaning for numbers,2019-02-06 12:55:25 +0200,
a389ffb,Abdullrahman ElHayek,more cleaning for numbers,2019-02-06 12:44:44 +0200,
d9472b8,Morad Taleeb,loading indicator - still in progress,2019-02-05 22:52:39 +0200,
e37a0f6,Morad Taleeb,fixed datasets pagination,2019-02-05 21:59:47 +0200,
c14f85a,Morad Taleeb,Added back files search and create forms,2019-02-05 21:26:22 +0200,
8ae7ead,Abdullrahman ElHayek,more cleaning for numbers,2019-02-05 16:08:41 +0200,
1a6f467,Morad Taleeb,cleaned build,2019-02-04 23:30:03 +0200,
f0ece59,Morad Taleeb,Added vue-moment for dates formating,2019-02-04 23:10:43 +0200,
703564,Morad Taleeb,Customized datatable - added links to datasets/records,2019-02-04 22:34:50 +0200,
292d4cf,Morad Taleeb,Datasets: fixed grid/list switch,2019-02-04 21:40:41 +0200,
9118f1e,Morad Taleeb,cleaning unneeded code,2019-02-04 21:15:18 +0200,
14ca29b,Morad Taleeb,integrated datatable for datasets,2019-02-04 21:12:59 +0200,
d7fd752,Abdullrahman ElHayek,more cleaning for numbers,2019-02-04 18:25:16 +0200,
2693383,Abdullrahman ElHayek,Fix first Loading Bug,2019-02-04 17:28:41 +0200,
c093f41,Morad Taleeb,Translated datasets and files pages and layouts,2019-02-03 23:39:47 +0200,
48f4551,Morad Taleeb,fixed conflict,2019-02-03 22:22:36 +0200,
d2ab838,Morad Taleeb,Working on datasets datatable view,2019-02-03 22:09:24 +0200,
0fa6d1d,Abdullrahman ElHayek,Update chartJS reactivity to the data model,2019-02-03 21:16:13 +0200,
2111d48,Abdullrahman ElHayek,Update Backend controllers,2019-02-03 20:59:58 +0200,
1288f25,Abdullrahman ElHayek,Update backend code,2019-02-03 20:45:12 +0200,
54a7cb0,Abdullrahman ElHayek,This commit :,2019-02-03 19:56:00 +0200,
bc5979c,Morad Taleeb,Integrating data-table - tbc,2019-02-03 00:22:18 +0200,
98d5514,Morad Taleeb,Files grid minor fixes,2019-02-02 19:46:38 +0200,
5342264,Morad Taleeb,translated datasets/files cards,2019-02-02 19:39:05 +0200,
354c82b,Morad Taleeb,Files grid layout,2019-02-02 19:25:18 +0200,
3cdab31,Morad Taleeb,Installed vuejs-datatable componenet,2019-02-01 23:26:21 +0200,
7248d9b,Morad Taleeb,Styled dashboard quick-links,2019-02-01 23:15:49 +0200,
cb92c7a,Morad Taleeb,Translated reset password,2019-02-01 22:58:04 +0200,
c99a351,Morad Taleeb,Translated auth validation and styled errors,2019-02-01 22:48:21 +0200,
ef64652,Morad Taleeb,Dataset - trying to show charts on grid view,2019-01-30 23:32:09 +0200,
a931c2b,Morad Taleeb,Added links to datasets list view,2019-01-30 22:35:16 +0200,
4d853ce,Morad Taleeb,Grid/List view switcher for datasets,2019-01-30 22:22:31 +0200,
7b1d906,Morad Taleeb,Created list/table view for datasets,2019-01-30 21:52:26 +0200,
8ff83ea,Morad Taleeb,Cross browsers fixes,2019-01-29 23:21:58 +0200,
c21813a,Morad Taleeb,Integrated charts and graphs into datasets grid cards,2019-01-29 22:53:17 +0200,
e4db856,Morad Taleeb,Dataset card head and meta style - mobile fix,2019-01-29 21:56:02 +0200,
5eef063,Morad Taleeb,Dataset card head and meta style,2019-01-29 21:43:20 +0200,
84659d5,Morad Taleeb,Fixed Safari flex issue,2019-01-28 23:54:25 +0200,
7afb512,Morad Taleeb,Removed --> from html,2019-01-28 23:50:43 +0200,
b3f384b,Morad Taleeb,Datasets grid style - desktop/mobile,2019-01-28 23:46:56 +0200,
4ba8612,Morad Taleeb,Styled pagination,2019-01-27 23:22:39 +0200,
885bbca,Morad Taleeb,Fixed account dropdown style desktop/mobile,2019-01-27 22:53:19 +0200,
10aeb57,Morad Taleeb,Datasets view toggles style,2019-01-27 22:08:42 +0200,
fca1d0f,Morad Taleeb,Datasets filters styling - mobile,2019-01-27 21:49:11 +0200,
3da6f10,Morad Taleeb,Datasets filters styling - tablet,2019-01-27 21:30:16 +0200,
cecb5d3,Morad Taleeb,Datasets filters styling,2019-01-27 21:17:39 +0200,
d859452,Morad Taleeb,Search datasets on keyup,2019-02-01 22:58:04 +0200,
6e382ac,Morad Taleeb,Datasets index styling,2019-01-26 23:10:14 +0200,
7a3e120,Morad Taleeb,Datasets page layout structure,2019-01-26 22:17:22 +0200,
32e9115,Morad Taleeb,files new page with admin layout,2019-01-26 17:51:22 +0200,
67e80e9,Morad Taleeb,added plugins to admin layout,2019-01-26 16:56:52 +0200,
ad5a057,Morad Taleeb,datasets new page fixes,2019-01-26 16:48:36 +0200,
1707831,Morad Taleeb,added label for accept terms checkbox,2019-01-25 19:15:51 +0200,
2aef4f4,Morad Taleeb,Auth pages styling in details,2019-01-25 19:01:26 +0200,
212ce86,Morad Taleeb,Added logo,2019-01-25 18:12:21 +0200,
49c00c9,Morad Taleeb,Registration page layout - fixed,2019-01-23 23:43:00 +0200,
f63b577,Morad Taleeb,Registration page layout - TBC,2019-01-23 22:57:44 +0200,
6bfbf5f,Morad Taleeb,Auth pages translation,2019-01-22 23:24:10 +0200,
8338f4d,Morad Taleeb,Auth RTL Fixes,2019-01-22 22:58:28 +0200,
a4a62b2,Morad Taleeb,Narrower auth cards/boxes,2019-01-22 22:53:47 +0200,
7e2151a,Morad Taleeb,Fixed new password page style,2019-01-22 22:38:05 +0200,
1bf4951,Morad Taleeb,Fixed reset password page style,2019-01-22 22:30:28 +0200,
be50e6e,Morad Taleeb,Merge branch 'master' of https://github.com/knafeh/indicators-new,2019-01-22 22:02:55 +0200,
d636a3a,Morad Taleeb,Styled login page,2019-01-22 22:01:33 +0200,
967fee7,Abdullrahman ElHayek,update database,2019-01-22 14:51:54 +0200,
02e9d30,Abdullrahman ElHayek,update filesystem configuration,2019-01-22 14:35:36 +0200,
f82c4b9,Abdullrahman ElHayek,update database structure backup,2019-01-22 14:12:56 +0200,
6da52a5,Morad Taleeb,Fixed social login items,2019-01-21 23:21:02 +0200,
840ab87,Morad Taleeb,Reset password page layout,2019-01-21 23:11:28 +0200,
325acd9,Morad Taleeb,Send email page layout,2019-01-21 22:35:41 +0200,
dcc053d,Morad Taleeb,Login page layout,2019-01-21 22:19:41 +0200,
864eb7e,Morad Taleeb,Morad's initial commit,2019-01-21 21:11:21 +0200,
9806533,Abdullrahman ElHayek,datatable search,2019-01-06 17:34:27 +0200,
f3276d7,Abdullrahman ElHayek,datatable,2019-01-06 11:25:51 +0200,
5fe7ae8,Abdullrahman ElHayek,vizabi all possible,2018-12-29 15:04:10 +0200,
48637ba,Abdullrahman ElHayek,vizabi all possible,2018-12-29 14:00:23 +0200,
bc2595a,Abdullrahman ElHayek,vizabi on file,2018-12-25 16:39:35 +0200,
7bc66fd,Abdullrahman ElHayek,Plotly bubble2,2018-12-24 19:24:04 +0200,
40fa53d,Abdullrahman ElHayek,Plotly bubble,2018-12-20 13:04:33 +0200,
1b1d507,Abdullrahman ElHayek,Plotly bubble,2018-12-20 13:02:39 +0200,
2ffb08e,Abdullrahman ElHayek,Plotly bubble,2018-12-18 15:41:34 +0200,
43b89e1,Abdullrahman ElHayek,Plotly bubble,2018-12-18 13:50:10 +0200,
3e9ee8e,Abdullrahman ElHayek,Plotly Map,2018-12-10 19:44:11 +0200,
f4e2be7,Abdullrahman ElHayek,Plotly Map,2018-12-10 18:56:21 +0200,
b5b524d,ahayek,Plotly Map,2018-12-06 18:02:10 +0200,
bb668df,ahayek,Plotly Map,2018-12-04 22:03:51 +0200,
08acf7c,ahayek,Plotly Map,2018-12-04 16:58:30 +0200,
bbdb9b3,ahayek,Plotly Map,2018-12-04 13:17:05 +0200,
56e399d,ahayek,Plotly Map,2018-12-04 13:14:31 +0200,
f112182,ahayek,Plotly Map,2018-12-04 13:12:50 +0200,
5539c85,ahayek,Plotly Map,2018-12-04 13:00:59 +0200,
531016d,ahayek,Plotly Map,2018-12-04 12:27:28 +0200,
d6a8904,ahayek84,Lour Notes fix liberary,2018-11-29 19:40:15 +0200,
39e3d0a,ahayek84,Lour Notes fix liberary,2018-11-29 14:50:57 +0200,
35911f0,ahayek84,Lour Notes,2018-11-28 11:09:37 +0200,
73da883,ahayek84,Lour Notes,2018-11-27 17:22:42 +0200,
458ea7b,ahayek84,New files filtering and Search,2018-11-26 17:37:52 +0200,
3cc0542,ahayek84,New Datasets filtering and Search,2018-11-26 13:58:44 +0200,
1676f98,ahayek84,New Datasets filtering and Search,2018-11-26 11:50:44 +0200,
e54362e,ahayek84,Fixing Filtering for special characters and also adding Meun bar deocration,2018-11-22 18:29:43 +0200,
18896c0,ahayek84,Fixing Filtering for special characters and also adding Meun bar deocration,2018-11-21 19:45:13 +0200,
e52299f,ahayek84,Fixing Filtering for special characters and also adding Meun bar deocration,2018-11-21 19:36:18 +0200,
5bd330d,ahayek84,Fixing Filtering for special characters and also adding Meun bar deocration,2018-11-21 18:30:11 +0200,
6d41bcf,ahayek84,Fixing Filtering for special characters and also adding Meun bar deocration,2018-11-21 17:32:37 +0200,
77aab4b,ahayek84,Fixing Filtering for special characters and also adding Meun bar deocration,2018-11-21 17:11:37 +0200,
048f783,ahayek84,ChartJs Muti-Selection,2018-11-20 19:28:30 +0200,
dc0f0da,ahayek84,ChartJs Muti-Selection,2018-11-20 19:03:32 +0200,
f2ae9f8,ahayek84,Viz modifications for testing,2018-11-20 15:30:08 +0200,
704fad6,ahayek84,HighChart support for N-Dimentional Long and Wide data format,2018-11-18 21:04:37 +0200,
feca585,ahayek84,HighChart support for N-Dimentional Long and Wide data format,2018-11-18 21:01:46 +0200,
e0e6606,ahayek84,ChartJs support for N-Dimentional Long and Wide data format,2018-11-14 15:50:00 +0200,
196e769,ahayek84,fix messeage problem,2018-11-06 15:32:36 +0200,
26c1840,ahayek,Fix HighChart,2018-10-09 18:42:59 +0300,
4b96b6c,ahayek,Fix HighChart,2018-10-09 17:16:14 +0300,
3a97699,ahayek,Fix HighChart,2018-10-09 15:31:58 +0300,
225614e,ahayek,Fix HighChart,2018-10-08 18:32:50 +0300,
7921190,ahayek,Fix HighChart,2018-10-08 14:04:02 +0300,
2bfd04c,ahayek,Fix HighChart,2018-10-08 01:23:18 +0300,
be80194,ahayek,Fix HighChart,2018-10-07 19:50:21 +0300,
c233b7b,ahayek,Fix HighChart,2018-10-07 19:32:56 +0300,
f937107,ahayek,Fix HighChart,2018-10-07 19:28:55 +0300,
0a27478,ahayek,Fix HighChart,2018-10-07 19:17:39 +0300,
df5d8fb,ahayek,Fix HighChart,2018-10-07 18:40:53 +0300,
ca86ce5,ahayek,Fix HighChart,2018-10-07 18:34:26 +0300,
2156712,ahayek,Fix HighChart,2018-10-07 18:28:20 +0300,
1e6a129,ahayek,Fix HighChart,2018-10-07 18:24:15 +0300,
e66765f,ahayek,Fix HighChart,2018-10-07 18:19:44 +0300,
99dac3c,ahayek,Fix HighChart,2018-10-07 18:14:40 +0300,
21958cf,ahayek,Fix HighChart,2018-10-07 18:13:59 +0300,
73a2ac9,ahayek,Fix HighChart,2018-10-07 18:13:04 +0300,
d3517c5,ahayek,inspect error 500 .,2018-10-07 18:06:24 +0300,
f37b91d,ahayek,inspect error 500 .,2018-10-07 17:55:57 +0300,
d532a68,ahayek,unstash git ignore,2018-10-07 17:16:51 +0300,
9996a75,ahayek,restore data folder on server,2018-10-07 17:14:05 +0300,
b6e1e5c,ahayek,update web.php,2018-10-07 16:35:24 +0300,
4ae7c99,ahayek,Fix HighChart,2018-10-07 16:31:36 +0300,
52f84ab,ahayek,Fix HighChart,2018-10-07 16:26:50 +0300,
8b9ad10,ahayek,updates of routes,2018-10-04 16:03:47 +0300,
26e1d2d,ahayek,New components,2018-10-04 15:59:30 +0300,
c3e4578,ahayek,composer.lock incompabitble version between the repo and the production server,2018-10-04 15:14:23 +0300,
f8a8abf,ahayek,Database,2018-10-04 14:56:48 +0300,
b91e111,ahayek,ChartJsModified,2018-10-04 13:38:19 +0300,
6841369,ahayek,Update git ignore in order to isolate the production configuration from the development,2018-10-04 12:33:11 +0300,
ed7770f,ahayek,new test controller,2018-10-04 12:21:41 +0300,
a63008e,ahayek,Merge remote-tracking branch 'origin/master',2018-10-04 12:15:53 +0300,
742330e,ahayek,new test controller,2018-10-02 16:45:13 +0300,
a9c3f7e,ahayek,new test controller,2018-10-02 16:44:37 +0300,
721b488,ahayek,new test controller,2018-10-02 16:38:46 +0300,
2c817f5,Moad Amrani,minor tweaks,2018-08-27 20:46:34 +0100,
61ac346,Moad Amrani,spark installation tweaks,2018-08-15 15:39:19 +0100,
040fc20,Moad Amrani,app files,2018-08-15 00:22:05 +0100,
